ticker,symbol,shortName,asset_class,quoteType,country,sector,industry,exchange,currency,return_1y_pct,volatility_1y_ann,sharpe_1y,max_drawdown_1y_pct,price_date,build_timestamp
000660.KS,000660.KS,SK hynix,INTL,EQUITY,South Korea,Technology,Semiconductors,KSC,KRW,187.4,63.75,3.086,-26.57,2026-04-03,2026-04-06 15:28:51 UTC
005930.KS,005930.KS,SamsungElec,INTL,EQUITY,South Korea,Technology,Consumer Electronics,KSC,KRW,138.61,49.33,2.95,-23.3,2026-04-03,2026-04-06 15:28:51 UTC
035420.KS,035420.KS,NAVER,INTL,EQUITY,South Korea,Communication Services,Internet Content & Information,KSC,KRW,14.36,47.14,0.32,-31.89,2026-04-03,2026-04-06 15:28:51 UTC
AAPL,AAPL,Apple Inc.,US_MEGA,EQUITY,United States,Technology,Consumer Electronics,NMS,USD,38.92,29.25,1.352,-13.8,2026-04-02,2026-04-06 15:28:51 UTC
AAVE-USD,AAVE-USD,Aave USD,CRYPTO,CRYPTOCURRENCY,NA,NA,NA,CCC,USD,6.58,72.96,0.062,-73.7,2026-04-05,2026-04-06 15:28:51 UTC
ABBV,ABBV,AbbVie Inc.,US_MEGA,EQUITY,United States,Healthcare,Drug Manufacturers - General,NYQ,USD,18,26.31,0.695,-14.86,2026-04-02,2026-04-06 15:28:51 UTC
ABT,ABT,Abbott Laboratories,US_MEGA,EQUITY,United States,Healthcare,Medical Devices,NYQ,USD,-14.95,22.63,-0.671,-25.18,2026-04-02,2026-04-06 15:28:51 UTC
ACES,ACES,ALPS Clean Energy ETF,ETF,ETF,NA,NA,NA,PCX,USD,51.79,34.58,1.522,-17.44,2026-04-02,2026-04-06 15:28:51 UTC
ACN,ACN,Accenture plc,US_MEGA,EQUITY,Ireland,Technology,Information Technology Services,NYQ,USD,-28.28,32.97,-0.872,-40.45,2026-04-02,2026-04-06 15:28:51 UTC
ADA-USD,ADA-USD,Cardano USD,CRYPTO,CRYPTOCURRENCY,NA,NA,NA,CCC,USD,-50.99,66.23,-0.533,-75.12,2026-04-05,2026-04-06 15:28:51 UTC
ADI,ADI,"Analog Devices, Inc.",US_MEGA,EQUITY,United States,Technology,Semiconductors,NMS,USD,69.68,35.91,1.972,-15.73,2026-04-02,2026-04-06 15:28:51 UTC
ADP,ADP,"Automatic Data Processing, Inc.",US_MEGA,EQUITY,United States,Technology,Software - Application,NMS,USD,-27.25,21.81,-1.269,-36.87,2026-04-02,2026-04-06 15:28:51 UTC
AEYE,AEYE,"AudioEye, Inc.",US_MID,EQUITY,United States,Technology,Software - Application,NCM,USD,-22.95,64.41,-0.362,-64.87,2026-04-02,2026-04-06 15:28:51 UTC
AGG,AGG,iShares Core U.S. Aggregate Bon,ETF,ETF,NA,NA,NA,PCX,USD,5.06,4.16,1.234,-2.52,2026-04-02,2026-04-06 15:28:51 UTC
AIQ,AIQ,Global X Artificial Intelligenc,ETF,ETF,NA,NA,NA,NGM,USD,41.85,25.47,1.669,-16.47,2026-04-02,2026-04-06 15:28:51 UTC
AKAM,AKAM,"Akamai Technologies, Inc.",US_MID,EQUITY,United States,Technology,Software - Infrastructure,NMS,USD,59.38,41.56,1.452,-17.45,2026-04-02,2026-04-06 15:28:51 UTC
ALGO-USD,ALGO-USD,Algorand USD,CRYPTO,CRYPTOCURRENCY,NA,NA,NA,CCC,USD,8.15,72.16,0.078,-74.7,2026-04-05,2026-04-06 15:28:51 UTC
ALI=F,ALI=F,"Aluminum Futures,Jun-2026",COMMODITIES,FUTURE,NA,NA,NA,CMX,USD,46.26,21.8,2.156,-11.2,2026-04-02,2026-04-06 15:28:51 UTC
ALKT,ALKT,"Alkami Technology, Inc.",US_MID,EQUITY,United States,Technology,Software - Application,NMS,USD,-19.84,49.75,-0.405,-51.11,2026-04-02,2026-04-06 15:28:51 UTC
ALLO,ALLO,"Allogene Therapeutics, Inc.",US_MID,EQUITY,United States,Healthcare,Biotechnology,NMS,USD,93.05,88.2,1.072,-44.12,2026-04-02,2026-04-06 15:28:51 UTC
ALRM,ALRM,"Alarm.com Holdings, Inc.",US_MID,EQUITY,United States,Technology,Software - Application,NMS,USD,-10.2,29.45,-0.352,-30.22,2026-04-02,2026-04-06 15:28:51 UTC
AMAT,AMAT,"Applied Materials, Inc.",US_MEGA,EQUITY,United States,Technology,Semiconductor Equipment & Materials,NMS,USD,108.88,48.17,2.297,-21.37,2026-04-02,2026-04-06 15:28:51 UTC
AMD,AMD,"Advanced Micro Devices, Inc.",US_MEGA,EQUITY,United States,Technology,Semiconductors,NMS,USD,115.19,63.96,1.83,-27.76,2026-04-02,2026-04-06 15:28:51 UTC
AMGN,AMGN,Amgen Inc.,US_MEGA,EQUITY,United States,Healthcare,Drug Manufacturers - General,NMS,USD,25.42,28.68,0.901,-11.59,2026-04-02,2026-04-06 15:28:51 UTC
AMPL,AMPL,"Amplitude, Inc.",US_MID,EQUITY,United States,Technology,Software - Application,NCM,USD,-11.99,55.13,-0.221,-53.27,2026-04-02,2026-04-06 15:28:51 UTC
AMZN,AMZN,"Amazon.com, Inc.",US_MEGA,EQUITY,United States,Consumer Cyclical,Internet Retail,NMS,USD,23.47,33.66,0.709,-21.74,2026-04-02,2026-04-06 15:28:51 UTC
ANZ.AX,ANZ.AX,ANZ GROUP FPO [ANZ],INTL,EQUITY,Australia,Financial Services,Banks - Diversified,ASX,AUD,38.32,20.8,1.858,-12.2,2026-04-02,2026-04-06 15:28:51 UTC
AON,AON,Aon plc,US_MEGA,EQUITY,Ireland,Financial Services,Insurance Brokers,NYQ,USD,-8.49,24.94,-0.346,-19.01,2026-04-02,2026-04-06 15:28:51 UTC
APD,APD,"Air Products and Chemicals, Inc",US_MEGA,EQUITY,United States,Basic Materials,Specialty Chemicals,NYQ,USD,18.76,27.28,0.699,-22.39,2026-04-02,2026-04-06 15:28:51 UTC
APP,APP,Applovin Corporation,US_MID,EQUITY,United States,Communication Services,Advertising Agencies,NMS,USD,77.82,73.45,1.077,-49.99,2026-04-02,2026-04-06 15:28:51 UTC
APT-USD,APT-USD,Apricot Finance USD,CRYPTO,CRYPTOCURRENCY,NA,NA,NA,CCC,USD,1.85,60.48,0.097,-31.41,2025-06-24,2026-04-06 15:28:51 UTC
ARB-USD,ARB-USD,ARbit USD,CRYPTO,CRYPTOCURRENCY,NA,NA,NA,CCC,USD,70.57,114.58,0.426,-54.82,2026-04-05,2026-04-06 15:28:51 UTC
ARKG,ARKG,ARK Genomic Revolution ETF,ETF,ETF,NA,NA,NA,BTS,USD,45.04,44.46,1.029,-27.51,2026-04-02,2026-04-06 15:28:51 UTC
ARKK,ARKK,ARK Innovation ETF,ETF,ETF,NA,NA,NA,BTS,USD,56.61,41.32,1.392,-31.35,2026-04-02,2026-04-06 15:28:51 UTC
ARKQ,ARKQ,ARK Autonomous Technology & Rob,ETF,ETF,NA,NA,NA,BTS,USD,71.25,35.3,2.051,-20.58,2026-04-02,2026-04-06 15:28:51 UTC
ARSUSD=X,ARSUSD=X,ARS/USD,FOREX,CURRENCY,NA,NA,NA,CCY,USD,-22.5,22.48,-0.989,-27.86,2026-04-03,2026-04-06 15:28:51 UTC
ASML,ASML,ASML Holding N.V. - New York Re,INTL,EQUITY,Netherlands,Technology,Semiconductor Equipment & Materials,NMS,USD,85.37,41.55,2.088,-17.85,2026-04-02,2026-04-06 15:28:51 UTC
ATOM-USD,ATOM-USD,Cosmos USD,CRYPTO,CRYPTOCURRENCY,NA,NA,NA,CCC,USD,-68.7,60.82,-0.782,-69.45,2026-04-05,2026-04-06 15:28:51 UTC
AUDUSD=X,AUDUSD=X,AUD/USD,FOREX,CURRENCY,NA,NA,NA,CCY,USD,14.76,9,1.62,-3.97,2026-04-03,2026-04-06 15:28:51 UTC
AVAX-USD,AVAX-USD,Avalanche USD,CRYPTO,CRYPTOCURRENCY,NA,NA,NA,CCC,USD,-20.76,70.28,-0.205,-76.46,2026-04-05,2026-04-06 15:28:51 UTC
AVGO,AVGO,Broadcom Inc.,US_MEGA,EQUITY,United States,Technology,Semiconductors,NMS,USD,82.72,46.78,1.797,-28.67,2026-04-02,2026-04-06 15:28:51 UTC
AXON,AXON,"Axon Enterprise, Inc.",US_MID,EQUITY,United States,Industrials,Aerospace & Defense,NMS,USD,-6.28,52.62,-0.121,-54.11,2026-04-02,2026-04-06 15:28:51 UTC
AXP,AXP,American Express Company,US_MEGA,EQUITY,United States,Financial Services,Credit Services,NYQ,USD,30.42,30.7,1.007,-23.9,2026-04-02,2026-04-06 15:28:51 UTC
AXS-USD,AXS-USD,Axie Infinity USD,CRYPTO,CRYPTOCURRENCY,NA,NA,NA,CCC,USD,-10.12,100.67,-0.07,-76.56,2026-04-05,2026-04-06 15:28:51 UTC
AZN,AZN,AstraZeneca PLC,INTL,EQUITY,United Kingdom,Healthcare,Drug Manufacturers - General,NYQ,USD,48.74,26.34,1.88,-12.09,2026-04-02,2026-04-06 15:28:51 UTC
BABA,BABA,Alibaba Group Holding Limited,INTL,EQUITY,Hong Kong,Consumer Cyclical,Internet Retail,NYQ,USD,25.28,44.27,0.58,-35.58,2026-04-02,2026-04-06 15:28:51 UTC
BAC,BAC,Bank of America Corporation,US_MEGA,EQUITY,United States,Financial Services,Banks - Diversified,NYQ,USD,37.62,23.02,1.661,-17.93,2026-04-02,2026-04-06 15:28:51 UTC
BAL-USD,BAL-USD,Balancer USD,CRYPTO,CRYPTOCURRENCY,NA,NA,NA,CCC,USD,-133.91,99,-0.936,-91.59,2026-04-05,2026-04-06 15:28:51 UTC
BBD,BBD,Banco Bradesco Sa,INTL,EQUITY,Brazil,Financial Services,Banks - Regional,NYQ,USD,64.6,38.4,1.71,-18.53,2026-04-02,2026-04-06 15:28:51 UTC
BBVA,BBVA,Banco Bilbao Vizcaya Argentaria,INTL,EQUITY,Spain,Financial Services,Banks - Diversified,NYQ,USD,71.95,32.89,2.223,-22.14,2026-04-02,2026-04-06 15:28:51 UTC
BCH-USD,BCH-USD,Bitcoin Cash USD,CRYPTO,CRYPTOCURRENCY,NA,NA,NA,CCC,USD,69.58,58.32,0.826,-34.69,2026-04-05,2026-04-06 15:28:51 UTC
BCS,BCS,Barclays PLC,INTL,EQUITY,United Kingdom,Financial Services,Banks - Diversified,NYQ,USD,59.56,28.98,2.088,-26.2,2026-04-02,2026-04-06 15:28:51 UTC
BDX,BDX,"Becton, Dickinson and Company",US_MEGA,EQUITY,United States,Healthcare,Medical Instruments & Supplies,NYQ,USD,2.92,30.83,0.096,-21.11,2026-04-02,2026-04-06 15:28:51 UTC
BEAM,BEAM,Beam Therapeutics Inc.,US_MID,EQUITY,United States,Healthcare,Biotechnology,NMS,USD,75.38,75.92,1.009,-38.15,2026-04-02,2026-04-06 15:28:51 UTC
BHP,BHP,BHP Group Limited,INTL,EQUITY,Australia,Basic Materials,Other Industrial Metals & Mining,NYQ,USD,61.56,31.05,2.015,-19.8,2026-04-02,2026-04-06 15:28:51 UTC
BIDU,BIDU,"Baidu, Inc.",INTL,EQUITY,China,Communication Services,Internet Content & Information,NMS,USD,43.68,46.93,0.946,-34.41,2026-04-02,2026-04-06 15:28:51 UTC
BILL,BILL,"BILL Holdings, Inc.",US_MID,EQUITY,United States,Technology,Software - Application,NYQ,USD,14.44,63.28,0.232,-36.64,2026-04-02,2026-04-06 15:28:51 UTC
BKNG,BKNG,Booking Holdings Inc. Common St,US_MEGA,EQUITY,United States,Consumer Cyclical,Travel Services,NMS,USD,4.5,31.79,0.144,-33.2,2026-04-02,2026-04-06 15:28:51 UTC
BLK,BLK,"BlackRock, Inc.",US_MEGA,EQUITY,United States,Financial Services,Asset Management,NYQ,USD,22.4,27.15,0.838,-22.45,2026-04-02,2026-04-06 15:28:51 UTC
BLNK,BLNK,Blink Charging Co.,US_MID,EQUITY,United States,Industrials,Engineering & Construction,NCM,USD,6.95,95.12,0.074,-79.96,2026-04-02,2026-04-06 15:28:51 UTC
BMO,BMO,Bank Of Montreal,INTL,EQUITY,Canada,Financial Services,Banks - Diversified,NYQ,USD,47.66,19.19,2.524,-11.62,2026-04-02,2026-04-06 15:28:51 UTC
BNB-USD,BNB-USD,BNB USD,CRYPTO,CRYPTOCURRENCY,NA,NA,NA,CCC,USD,21.61,43.2,0.346,-55.49,2026-04-05,2026-04-06 15:28:51 UTC
BND,BND,Vanguard Total Bond Market ETF,ETF,ETF,NA,NA,NA,NGM,USD,4.88,4.11,1.206,-2.44,2026-04-02,2026-04-06 15:28:51 UTC
BNS,BNS,Bank Nova Scotia Halifax Pfd 3,INTL,EQUITY,Canada,Financial Services,Banks - Diversified,NYQ,USD,48.17,16.53,2.961,-13.36,2026-04-02,2026-04-06 15:28:51 UTC
BOTZ,BOTZ,Global X Robotics & Artificial,ETF,ETF,NA,NA,NA,NGM,USD,33.81,26.36,1.303,-19.34,2026-04-02,2026-04-06 15:28:51 UTC
BOX,BOX,"Box, Inc.",US_MID,EQUITY,United States,Technology,Software - Infrastructure,NYQ,USD,-13.89,33.52,-0.421,-43.4,2026-04-02,2026-04-06 15:28:51 UTC
BP,BP,BP p.l.c.,INTL,EQUITY,United Kingdom,Energy,Oil & Gas Integrated,NYQ,USD,64.63,27.74,2.367,-10.55,2026-04-02,2026-04-06 15:28:51 UTC
BRK-B,BRK-B,Berkshire Hathaway Inc. New,US_MEGA,EQUITY,United States,Financial Services,Insurance - Diversified,NYQ,USD,-1.28,16.99,-0.076,-14.95,2026-04-02,2026-04-06 15:28:51 UTC
BRLUSD=X,BRLUSD=X,BRL/USD,FOREX,CURRENCY,NA,NA,NA,CCY,USD,13.17,11.91,1.092,-5.71,2026-04-03,2026-04-06 15:28:51 UTC
BRZE,BRZE,"Braze, Inc.",US_MID,EQUITY,United States,Technology,Software - Application,NMS,USD,-4.87,62.92,-0.079,-57.2,2026-04-02,2026-04-06 15:28:51 UTC
BSX,BSX,Boston Scientific Corporation,US_MEGA,EQUITY,United States,Healthcare,Medical Devices,NYQ,USD,-32.94,30.16,-1.11,-42.67,2026-04-02,2026-04-06 15:28:51 UTC
BTC-USD,BTC-USD,Bitcoin USD,CRYPTO,CRYPTOCURRENCY,NA,NA,NA,CCC,USD,-2.97,36.43,-0.057,-49.74,2026-04-05,2026-04-06 15:28:51 UTC
BZ=F,BZ=F,Brent Crude Oil Last Day Financ,COMMODITIES,FUTURE,NA,NA,NA,NYM,USD,62.06,42.61,1.474,-23.49,2026-04-02,2026-04-06 15:28:51 UTC
C,C,"Citigroup, Inc.",US_MEGA,EQUITY,United States,Financial Services,Banks - Diversified,NYQ,USD,74.2,29.77,2.533,-14.76,2026-04-02,2026-04-06 15:28:51 UTC
CADUSD=X,CADUSD=X,CAD/USD,FOREX,CURRENCY,NA,NA,NA,CCY,USD,2.42,4.8,0.498,-3.82,2026-04-03,2026-04-06 15:28:51 UTC
CARR,CARR,Carrier Global Corporation,US_MEGA,EQUITY,United States,Industrials,Building Products & Equipment,NYQ,USD,5.11,34.07,0.152,-37.38,2026-04-02,2026-04-06 15:28:51 UTC
CAT,CAT,"Caterpillar, Inc.",US_MEGA,EQUITY,United States,Industrials,Farm & Heavy Construction Machinery,NYQ,USD,100.87,33.11,3.095,-13.88,2026-04-02,2026-04-06 15:28:51 UTC
CAVA,CAVA,"CAVA Group, Inc.",US_MID,EQUITY,United States,Consumer Cyclical,Restaurants,NYQ,USD,17.37,59.68,0.296,-56.28,2026-04-02,2026-04-06 15:28:51 UTC
CB,CB,Chubb Limited,US_MEGA,EQUITY,Switzerland,Financial Services,Insurance - Property & Casualty,NYQ,USD,20.25,18.35,1.122,-11.02,2026-04-02,2026-04-06 15:28:51 UTC
CBA.AX,CBA.AX,CWLTH BANK FPO [CBA],INTL,EQUITY,Australia,Financial Services,Banks - Diversified,ASX,AUD,23.39,22.8,1.034,-21.9,2026-04-02,2026-04-06 15:28:51 UTC
CC=F,CC=F,Cocoa Sep 26,COMMODITIES,FUTURE,NA,NA,NA,NYB,USD,-76.01,54.42,-1.414,-74.5,2026-04-02,2026-04-06 15:28:51 UTC
CELH,CELH,"Celsius Holdings, Inc.",US_MID,EQUITY,United States,Consumer Defensive,Beverages - Non-Alcoholic,NCM,USD,11.42,55.23,0.21,-47.87,2026-04-02,2026-04-06 15:28:51 UTC
CFLT,CFLT,"Confluent, Inc.",US_MID,EQUITY,United States,Technology,Software - Infrastructure,NMS,USD,61.55,63.29,1.038,-41.83,2026-03-17,2026-04-06 15:28:51 UTC
CHFUSD=X,CHFUSD=X,CHF/USD,FOREX,CURRENCY,NA,NA,NA,CCY,USD,6.85,9.23,0.733,-4.59,2026-04-03,2026-04-06 15:28:51 UTC
CHPT,CHPT,"ChargePoint Holdings, Inc.",US_MID,EQUITY,United States,Consumer Cyclical,Specialty Retail,NYQ,USD,-63.1,72.46,-0.885,-74.17,2026-04-02,2026-04-06 15:28:51 UTC
CHZ-USD,CHZ-USD,Chiliz USD,CRYPTO,CRYPTOCURRENCY,NA,NA,NA,CCC,USD,38.91,71.02,0.379,-48.35,2026-04-05,2026-04-06 15:28:51 UTC
CI,CI,The Cigna Group,US_MEGA,EQUITY,United States,Healthcare,Healthcare Plans,NYQ,USD,-7.9,32.89,-0.244,-27.41,2026-04-02,2026-04-06 15:28:51 UTC
CIBR,CIBR,First Trust NASDAQ Cybersecurit,ETF,ETF,NA,NA,NA,NGM,USD,13.86,23.33,0.604,-21.96,2026-04-02,2026-04-06 15:28:51 UTC
CL,CL,Colgate-Palmolive Company,US_MEGA,EQUITY,United States,Consumer Defensive,Household & Personal Products,NYQ,USD,-0.13,20.66,-0.006,-20.74,2026-04-02,2026-04-06 15:28:51 UTC
CL=F,CL=F,Crude Oil May 26,COMMODITIES,FUTURE,NA,NA,NA,NYM,USD,70.04,43.15,1.643,-26.44,2026-04-02,2026-04-06 15:28:51 UTC
CLOU,CLOU,Global X Cloud Computing ETF,ETF,ETF,NA,NA,NA,NGM,USD,9.76,27.97,0.355,-25.13,2026-04-02,2026-04-06 15:28:51 UTC
CLPUSD=X,CLPUSD=X,CLP/USD,FOREX,CURRENCY,NA,NA,NA,CCY,USD,5.05,13.61,0.367,-8.37,2026-04-03,2026-04-06 15:28:51 UTC
CME,CME,CME Group Inc.,US_MEGA,EQUITY,United States,Financial Services,Financial Data & Stock Exchanges,NMS,USD,24.51,18.92,1.316,-10.13,2026-04-02,2026-04-06 15:28:51 UTC
CNQ,CNQ,Canadian Natural Resources Limi,INTL,EQUITY,Canada,Energy,Oil & Gas E&P,NYQ,USD,64.87,30.23,2.18,-13.82,2026-04-02,2026-04-06 15:28:51 UTC
CNR,CNR,"Core Natural Resources, Inc.",INTL,EQUITY,United States,Energy,Thermal Coal,NYQ,USD,60.79,51.42,1.201,-24.13,2026-04-02,2026-04-06 15:28:51 UTC
CNRG,CNRG,State Street SPDR S&P Kensho Cl,ETF,ETF,NA,NA,NA,PCX,USD,75.81,38.29,2.012,-17.73,2026-04-02,2026-04-06 15:28:51 UTC
CNYUSD=X,CNYUSD=X,CNY/USD,FOREX,CURRENCY,NA,NA,NA,CCY,USD,5.64,2.96,1.88,-1.65,2026-04-03,2026-04-06 15:28:51 UTC
COIN,COIN,"Coinbase Global, Inc.",US_MID,EQUITY,United States,Financial Services,Financial Data & Stock Exchanges,NMS,USD,35.47,75.02,0.48,-66.39,2026-04-02,2026-04-06 15:28:51 UTC
COPUSD=X,COPUSD=X,COP/USD,FOREX,CURRENCY,NA,NA,NA,CCY,USD,14.5,15.59,0.919,-7.04,2026-04-03,2026-04-06 15:28:51 UTC
CORN,CORN,Teucrium Corn Fund ETV,ETF,ETF,NA,NA,NA,PCX,USD,-1.82,14.65,-0.126,-14.66,2026-04-02,2026-04-06 15:28:51 UTC
COST,COST,Costco Wholesale Corporation,US_MEGA,EQUITY,United States,Consumer Defensive,Discount Stores,NMS,USD,13.54,19.54,0.704,-19.35,2026-04-02,2026-04-06 15:28:51 UTC
CP,CP,Canadian Pacific Kansas City Li,INTL,EQUITY,Canada,Industrials,Railroads,NYQ,USD,17.48,23.8,0.746,-16.23,2026-04-02,2026-04-06 15:28:51 UTC
CPER,CPER,United States Copper Index Fund,ETF,ETF,NA,NA,NA,PCX,USD,31.82,35.63,0.907,-24.77,2026-04-02,2026-04-06 15:28:51 UTC
CRM,CRM,"Salesforce, Inc.",US_MEGA,EQUITY,United States,Technology,Software - Application,NYQ,USD,-20.04,34.62,-0.588,-38.51,2026-04-02,2026-04-06 15:28:51 UTC
CRSP,CRSP,CRISPR Therapeutics AG,US_MID,EQUITY,Switzerland,Healthcare,Biotechnology,NGM,USD,62.24,64.01,0.988,-42.25,2026-04-02,2026-04-06 15:28:51 UTC
CRV-USD,CRV-USD,Curve DAO Token USD,CRYPTO,CRYPTOCURRENCY,NA,NA,NA,CCC,USD,-18.12,83.01,-0.151,-81.17,2026-04-05,2026-04-06 15:28:51 UTC
CRWD,CRWD,"CrowdStrike Holdings, Inc.",US_MID,EQUITY,United States,Technology,Software - Infrastructure,NMS,USD,30.35,44.49,0.693,-37.18,2026-04-02,2026-04-06 15:28:51 UTC
CSCO,CSCO,"Cisco Systems, Inc.",US_MEGA,EQUITY,United States,Technology,Communication Equipment,NMS,USD,43.23,26.96,1.629,-13.57,2026-04-02,2026-04-06 15:28:51 UTC
CT=F,CT=F,Cotton Mar 26,COMMODITIES,ALTSYMBOL,NA,NA,NA,NYM,USX,8.71,17.54,0.503,-15.12,2026-04-02,2026-04-06 15:28:51 UTC
CVX,CVX,Chevron Corporation,US_MEGA,EQUITY,United States,Energy,Oil & Gas Integrated,NYQ,USD,42.12,23.2,1.845,-8.42,2026-04-02,2026-04-06 15:28:51 UTC
CWAN,CWAN,"Clearwater Analytics Holdings,",US_MID,EQUITY,United States,Technology,Software - Application,NYQ,USD,9.85,35.52,0.282,-35.8,2026-04-02,2026-04-06 15:28:51 UTC
CYBR,CYBR,CyberArk Software Ltd.,US_MID,EQUITY,Israel,Technology,Software - Infrastructure,NMS,USD,34.01,34.62,1.151,-26.88,2026-02-13,2026-04-06 15:28:51 UTC
DB,DB,Deutsche Bank AG,INTL,EQUITY,Germany,Financial Services,Banks - Regional,NYQ,USD,50.53,33.46,1.534,-29.66,2026-04-02,2026-04-06 15:28:51 UTC
DDOG,DDOG,"Datadog, Inc.",US_MID,EQUITY,United States,Technology,Software - Application,NMS,USD,45.43,54.89,0.841,-48.62,2026-04-02,2026-04-06 15:28:51 UTC
DE,DE,Deere & Company,US_MEGA,EQUITY,United States,Industrials,Farm & Heavy Construction Machinery,NYQ,USD,36.27,29.53,1.248,-16.83,2026-04-02,2026-04-06 15:28:51 UTC
DECK,DECK,Deckers Outdoor Corporation,US_MID,EQUITY,United States,Consumer Cyclical,Footwear & Accessories,NYQ,USD,5.77,52.15,0.112,-38.52,2026-04-02,2026-04-06 15:28:51 UTC
DEO,DEO,Diageo plc,INTL,EQUITY,United Kingdom,Consumer Defensive,Beverages - Wineries & Distilleries,NYQ,USD,-25.1,31.8,-0.802,-35.75,2026-04-02,2026-04-06 15:28:51 UTC
DHR,DHR,Danaher Corporation,US_MEGA,EQUITY,United States,Healthcare,Diagnostics & Research,NYQ,USD,11.09,31.27,0.36,-24.85,2026-04-02,2026-04-06 15:28:51 UTC
DIA,DIA,State Street SPDR Dow Jones Ind,ETF,ETF,NA,NA,NA,PCX,USD,23.02,15.44,1.515,-9.76,2026-04-02,2026-04-06 15:28:51 UTC
DJP,DJP,iPath Bloomberg Commodity Index,ETF,ETF,NA,NA,NA,PCX,USD,43.26,18.74,2.346,-8.61,2026-04-02,2026-04-06 15:28:51 UTC
DKKUSD=X,DKKUSD=X,DKK/USD,FOREX,CURRENCY,NA,NA,NA,CCY,USD,5.12,7.57,0.668,-4.9,2026-04-03,2026-04-06 15:28:51 UTC
DKNG,DKNG,DraftKings Inc.,US_MID,EQUITY,United States,Consumer Cyclical,Gambling,NMS,USD,-23.9,47.32,-0.513,-57.04,2026-04-02,2026-04-06 15:28:51 UTC
DOCN,DOCN,"DigitalOcean Holdings, Inc.",US_MID,EQUITY,United States,Technology,Software - Infrastructure,NYQ,USD,140.39,71.09,2.007,-24.11,2026-04-02,2026-04-06 15:28:51 UTC
DOGE-USD,DOGE-USD,Dogecoin USD,CRYPTO,CRYPTOCURRENCY,NA,NA,NA,CCC,USD,-9.8,72.84,-0.093,-69.5,2026-04-05,2026-04-06 15:28:51 UTC
DOMO,DOMO,"Domo, Inc.",US_MID,EQUITY,United States,Technology,Software - Application,NGM,USD,-56.51,82.87,-0.693,-84.23,2026-04-02,2026-04-06 15:28:51 UTC
DOT-USD,DOT-USD,Polkadot USD,CRYPTO,CRYPTOCURRENCY,NA,NA,NA,CCC,USD,-69.43,74,-0.65,-76.72,2026-04-05,2026-04-06 15:28:51 UTC
DRIV,DRIV,Global X Autonomous & Electric,ETF,ETF,NA,NA,NA,NGM,USD,56.9,27.03,2.139,-13.43,2026-04-02,2026-04-06 15:28:51 UTC
DT,DT,"Dynatrace, Inc.",US_MID,EQUITY,United States,Technology,Software - Application,NYQ,USD,-4.25,34.59,-0.125,-40.91,2026-04-02,2026-04-06 15:28:51 UTC
DUK,DUK,Duke Energy Corporation (Holdin,US_MEGA,EQUITY,United States,Utilities,Utilities - Regulated Electric,NYQ,USD,16.96,15.15,1.138,-10.88,2026-04-02,2026-04-06 15:28:51 UTC
DUOL,DUOL,"Duolingo, Inc.",US_MID,EQUITY,United States,Technology,Software - Application,NMS,USD,-90.02,66.46,-1.376,-82.59,2026-04-02,2026-04-06 15:28:51 UTC
EDIT,EDIT,"Editas Medicine, Inc.",US_MID,EQUITY,United States,Healthcare,Biotechnology,NMS,USD,144.08,98.33,1.489,-59.88,2026-04-02,2026-04-06 15:28:51 UTC
EEM,EEM,iShares MSCI Emerging Index Fun,ETF,ETF,NA,NA,NA,PCX,USD,41.24,19.08,2.196,-13.52,2026-04-02,2026-04-06 15:28:51 UTC
EFA,EFA,iShares MSCI EAFE ETF,ETF,ETF,NA,NA,NA,PCX,USD,33.97,16.21,2.13,-11.42,2026-04-02,2026-04-06 15:28:51 UTC
EGLD-USD,EGLD-USD,MultiversX USD,CRYPTO,CRYPTOCURRENCY,NA,NA,NA,CCC,USD,-80.36,74.51,-0.747,-81.94,2026-04-05,2026-04-06 15:28:51 UTC
EGPUSD=X,EGPUSD=X,EGP/USD,FOREX,CURRENCY,NA,NA,NA,CCY,USD,-6.17,8.88,-0.687,-14.46,2026-04-03,2026-04-06 15:28:51 UTC
ELV,ELV,"Elevance Health, Inc.",US_MEGA,EQUITY,United States,Healthcare,Healthcare Plans,NYQ,USD,-23.93,39.88,-0.61,-37.47,2026-04-02,2026-04-06 15:28:51 UTC
ENB,ENB,Enbridge Inc,INTL,EQUITY,Canada,Energy,Oil & Gas Midstream,NYQ,USD,31.13,16.28,1.943,-10.36,2026-04-02,2026-04-06 15:28:51 UTC
EOG,EOG,"EOG Resources, Inc.",US_MEGA,EQUITY,United States,Energy,Oil & Gas E&P,NYQ,USD,34.34,27.88,1.251,-18.51,2026-04-02,2026-04-06 15:28:51 UTC
EOS-USD,EOS-USD,EOS USD,CRYPTO,CRYPTOCURRENCY,NA,NA,NA,CCC,USD,-177.16,77.1,-1.591,-92.33,2026-04-05,2026-04-06 15:28:51 UTC
ESTC,ESTC,Elastic N.V.,US_MID,EQUITY,Netherlands,Technology,Software - Application,NYQ,USD,-26.08,50.22,-0.528,-48.64,2026-04-02,2026-04-06 15:28:51 UTC
ETH-USD,ETH-USD,Ethereum USD,CRYPTO,CRYPTOCURRENCY,NA,NA,NA,CCC,USD,56,61.6,0.629,-62.29,2026-04-05,2026-04-06 15:28:51 UTC
ETN,ETN,"Eaton Corporation, PLC",US_MEGA,EQUITY,Ireland,Industrials,Specialty Industrial Machinery,NYQ,USD,42.06,32.99,1.296,-19.36,2026-04-02,2026-04-06 15:28:51 UTC
EURUSD=X,EURUSD=X,EUR/USD,FOREX,CURRENCY,NA,NA,NA,CCY,USD,5.24,7.56,0.684,-4.85,2026-04-03,2026-04-06 15:28:51 UTC
EVGO,EVGO,EVgo Inc.,US_MID,EQUITY,United States,Consumer Cyclical,Specialty Retail,NMS,USD,-18.74,68.44,-0.278,-66.87,2026-04-02,2026-04-06 15:28:51 UTC
EWA,EWA,iShares MSCI Australia Index Fu,ETF,ETF,NA,NA,NA,PCX,USD,34.81,18.91,1.87,-10.01,2026-04-02,2026-04-06 15:28:51 UTC
EWC,EWC,iShares MSCI Canada Index Fund,ETF,ETF,NA,NA,NA,PCX,USD,40.86,15.43,2.69,-8.51,2026-04-02,2026-04-06 15:28:51 UTC
EWG,EWG,iShares MSCI Germany Index Fund,ETF,ETF,NA,NA,NA,PCX,USD,20.67,18.61,1.129,-14.54,2026-04-02,2026-04-06 15:28:51 UTC
EWJ,EWJ,iShares MSCI Japan Index Fund,ETF,ETF,NA,NA,NA,PCX,USD,39.62,20.87,1.93,-13.59,2026-04-02,2026-04-06 15:28:51 UTC
EWY,EWY,iShares MSCI South Korea ETF,ETF,ETF,NA,NA,NA,PCX,USD,97.25,36.37,2.717,-23.08,2026-04-02,2026-04-06 15:28:51 UTC
EWZ,EWZ,iShares MSCI Brazil ETF,ETF,ETF,NA,NA,NA,PCX,USD,55.49,25.03,2.253,-11.44,2026-04-02,2026-04-06 15:28:51 UTC
FAN,FAN,First Trust Global Wind Energy,ETF,ETF,NA,NA,NA,PCX,USD,62.04,20.09,3.138,-7.73,2026-04-02,2026-04-06 15:28:51 UTC
FATE,FATE,"Fate Therapeutics, Inc.",US_MID,EQUITY,United States,Healthcare,Biotechnology,NGM,USD,71.28,93.62,0.774,-44.91,2026-04-02,2026-04-06 15:28:51 UTC
FCX,FCX,"Freeport-McMoRan, Inc.",US_MEGA,EQUITY,United States,Basic Materials,Copper,NYQ,USD,83.11,47.69,1.771,-24.9,2026-04-02,2026-04-06 15:28:51 UTC
FDX,FDX,FedEx Corporation,US_MEGA,EQUITY,United States,Industrials,Integrated Freight & Logistics,NYQ,USD,62.99,28.98,2.209,-11.67,2026-04-02,2026-04-06 15:28:51 UTC
FIL-USD,FIL-USD,Filecoin USD,CRYPTO,CRYPTOCURRENCY,NA,NA,NA,CCC,USD,-40.73,100.5,-0.281,-76.22,2026-04-05,2026-04-06 15:28:51 UTC
FINX,FINX,Global X FinTech ETF,ETF,ETF,NA,NA,NA,NGM,USD,-2,31.01,-0.066,-36.58,2026-04-02,2026-04-06 15:28:51 UTC
FLOW-USD,FLOW-USD,Flow USD,CRYPTO,CRYPTOCURRENCY,NA,NA,NA,CCC,USD,-154.14,107.82,-0.99,-93.93,2026-04-05,2026-04-06 15:28:51 UTC
FLYW,FLYW,Flywire Corporation - Voting,US_MID,EQUITY,United States,Technology,Software - Infrastructure,NMS,USD,35.7,43.13,0.841,-28.16,2026-04-02,2026-04-06 15:28:51 UTC
FMG.AX,FMG.AX,FORTESCUE FPO [FMG],INTL,EQUITY,Australia,Basic Materials,Other Industrial Metals & Mining,ASX,AUD,45.4,30.47,1.502,-15,2026-04-02,2026-04-06 15:28:51 UTC
FOUR,FOUR,"Shift4 Payments, Inc.",US_MID,EQUITY,United States,Technology,Software - Infrastructure,NYQ,USD,-41.63,53.76,-0.787,-61.45,2026-04-02,2026-04-06 15:28:51 UTC
FSLY,FSLY,"Fastly, Inc.",US_MID,EQUITY,United States,Technology,Software - Application,NMS,USD,234.44,107.15,2.223,-35.49,2026-04-02,2026-04-06 15:28:51 UTC
FTNT,FTNT,"Fortinet, Inc.",US_MID,EQUITY,United States,Technology,Software - Infrastructure,NMS,USD,2.32,41.26,0.057,-31.56,2026-04-02,2026-04-06 15:28:51 UTC
FXI,FXI,iShares China Large-Cap ETF,ETF,ETF,NA,NA,NA,PCX,USD,21.8,21.78,1.017,-15.62,2026-04-02,2026-04-06 15:28:51 UTC
GBPUSD=X,GBPUSD=X,GBP/USD,FOREX,CURRENCY,NA,NA,NA,CCY,USD,2.71,7.21,0.371,-5.28,2026-04-03,2026-04-06 15:28:51 UTC
GC=F,GC=F,Gold Jun 26,COMMODITIES,FUTURE,NA,NA,NA,CMX,USD,49.51,28.19,1.777,-17.73,2026-04-02,2026-04-06 15:28:51 UTC
GD,GD,General Dynamics Corporation,US_MEGA,EQUITY,United States,Industrials,Aerospace & Defense,NYQ,USD,38.32,20.62,1.889,-7.25,2026-04-02,2026-04-06 15:28:51 UTC
GE,GE,GE Aerospace,US_MEGA,EQUITY,United States,Industrials,Aerospace & Defense,NYQ,USD,56.73,30.28,1.904,-20.85,2026-04-02,2026-04-06 15:28:51 UTC
GILD,GILD,"Gilead Sciences, Inc.",US_MEGA,EQUITY,United States,Healthcare,Drug Manufacturers - General,NMS,USD,34.74,28.79,1.226,-13.34,2026-04-02,2026-04-06 15:28:51 UTC
GLBE,GLBE,Global-E Online Ltd.,US_MID,EQUITY,Israel,Consumer Cyclical,Internet Retail,NMS,USD,17.07,53.09,0.327,-32.44,2026-04-02,2026-04-06 15:28:51 UTC
GLD,GLD,SPDR Gold Shares,ETF,ETF,NA,NA,NA,PCX,USD,48.93,27.89,1.783,-19.21,2026-04-02,2026-04-06 15:28:51 UTC
GOOGL,GOOGL,Alphabet Inc.,US_MEGA,EQUITY,United States,Communication Services,Internet Content & Information,NMS,USD,75.01,30.41,2.506,-20.37,2026-04-02,2026-04-06 15:28:51 UTC
GS,GS,"Goldman Sachs Group, Inc. (The)",US_MEGA,EQUITY,United States,Financial Services,Capital Markets,NYQ,USD,68.16,29.72,2.33,-19.42,2026-04-02,2026-04-06 15:28:51 UTC
GSG,GSG,iShares GSCI Commodity-Indexed,ETF,ETF,NA,NA,NA,PCX,USD,50.49,20.79,2.467,-6.57,2026-04-02,2026-04-06 15:28:51 UTC
GSK,GSK,GSK plc,INTL,EQUITY,United Kingdom,Healthcare,Drug Manufacturers - General,NYQ,USD,56.26,27.15,2.105,-14.8,2026-04-02,2026-04-06 15:28:51 UTC
GTLB,GTLB,GitLab Inc.,US_MID,EQUITY,United States,Technology,Software - Infrastructure,NMS,USD,-48.65,55.79,-0.886,-61.91,2026-04-02,2026-04-06 15:28:51 UTC
HACK,HACK,Amplify Cybersecurity ETF,ETF,ETF,NA,NA,NA,PCX,USD,20.3,24.76,0.833,-20.67,2026-04-02,2026-04-06 15:28:51 UTC
HBAR-USD,HBAR-USD,Hedera USD,CRYPTO,CRYPTOCURRENCY,NA,NA,NA,CCC,USD,-11.13,70.18,-0.11,-73.19,2026-04-05,2026-04-06 15:28:51 UTC
HD,HD,"Home Depot, Inc. (The)",US_MEGA,EQUITY,United States,Consumer Cyclical,Home Improvement Retail,NYQ,USD,-0.94,22.89,-0.042,-23.25,2026-04-02,2026-04-06 15:28:51 UTC
HDB,HDB,HDFC Bank Limited,INTL,EQUITY,India,Financial Services,Banks - Regional,NYQ,USD,-21.06,23.46,-0.912,-38.18,2026-04-02,2026-04-06 15:28:51 UTC
HG=F,HG=F,Copper May 26,COMMODITIES,FUTURE,NA,NA,NA,CMX,USD,36.33,37.97,0.968,-25.27,2026-04-02,2026-04-06 15:28:51 UTC
HIMS,HIMS,"Hims & Hers Health, Inc.",US_MID,EQUITY,United States,Healthcare,Drug Manufacturers - Specialty & Generic,NYQ,USD,12.78,101.61,0.128,-78.06,2026-04-02,2026-04-06 15:28:51 UTC
HKDUSD=X,HKDUSD=X,HKD/USD,FOREX,CURRENCY,NA,NA,NA,CCY,USD,-0.83,0.87,-0.937,-1.27,2026-04-03,2026-04-06 15:28:51 UTC
HMC,HMC,"Honda Motor Company, Ltd.",INTL,EQUITY,Japan,Consumer Cyclical,Auto Manufacturers,NYQ,USD,-0.22,30.9,-0.007,-32.14,2026-04-02,2026-04-06 15:28:51 UTC
HO=F,HO=F,Heating Oil May 26,COMMODITIES,FUTURE,NA,NA,NA,NYM,USD,85.46,46.87,1.845,-23.86,2026-04-02,2026-04-06 15:28:51 UTC
HOOD,HOOD,"Robinhood Markets, Inc.",US_MID,EQUITY,United States,Financial Services,Capital Markets,NMS,USD,90.35,70.27,1.307,-57.26,2026-04-02,2026-04-06 15:28:51 UTC
HUM,HUM,Humana Inc.,US_MEGA,EQUITY,United States,Healthcare,Healthcare Plans,NYQ,USD,-21.81,49.78,-0.445,-47.18,2026-04-02,2026-04-06 15:28:51 UTC
HYG,HYG,iShares iBoxx $ High Yield Corp,ETF,ETF,NA,NA,NA,PCX,USD,10.4,5.18,2.04,-2.34,2026-04-02,2026-04-06 15:28:51 UTC
IAU,IAU,iShares Gold Trust Shares,ETF,ETF,NA,NA,NA,PCX,USD,48.8,27.73,1.788,-19.18,2026-04-02,2026-04-06 15:28:51 UTC
IBN,IBN,ICICI Bank Limited,INTL,EQUITY,India,Financial Services,Banks - Regional,NYQ,USD,-13.9,20.64,-0.684,-26.19,2026-04-02,2026-04-06 15:28:51 UTC
ICLN,ICLN,iShares Global Clean Energy ETF,ETF,ETF,NA,NA,NA,NGM,USD,56.92,25.59,2.26,-11.22,2026-04-02,2026-04-06 15:28:51 UTC
ICP-USD,ICP-USD,Internet Computer USD,CRYPTO,CRYPTOCURRENCY,NA,NA,NA,CCC,USD,-13.25,89.17,-0.103,-76.75,2026-04-05,2026-04-06 15:28:51 UTC
IDRUSD=X,IDRUSD=X,IDR/USD,FOREX,CURRENCY,NA,NA,NA,CCY,USD,-0.67,11.31,-0.058,-8.47,2026-04-03,2026-04-06 15:28:51 UTC
IDRV,IDRV,iShares Self-Driving EV and Tec,ETF,ETF,NA,NA,NA,PCX,USD,46.08,26.45,1.77,-12.62,2026-04-02,2026-04-06 15:28:51 UTC
IEF,IEF,iShares 7-10 Year Treasury Bond,ETF,ETF,NA,NA,NA,NGM,USD,3.78,5.14,0.749,-3.19,2026-04-02,2026-04-06 15:28:51 UTC
IGV,IGV,iShares Expanded Tech-Software,ETF,ETF,NA,NA,NA,BTS,USD,2.52,27.38,0.093,-34.72,2026-04-02,2026-04-06 15:28:51 UTC
INDA,INDA,Ishares MSCI India ETF,ETF,ETF,NA,NA,NA,BTS,USD,-4.06,15.13,-0.273,-18.69,2026-04-02,2026-04-06 15:28:51 UTC
INFY,INFY,Infosys Limited,INTL,EQUITY,India,Technology,Information Technology Services,NYQ,USD,-11.65,33.36,-0.355,-36.55,2026-04-02,2026-04-06 15:28:51 UTC
ING,ING,"ING Group, N.V.",INTL,EQUITY,Netherlands,Financial Services,Banks - Diversified,NYQ,USD,52.94,26.94,1.997,-19.86,2026-04-02,2026-04-06 15:28:51 UTC
INJ-USD,INJ-USD,Injective USD,CRYPTO,CRYPTOCURRENCY,NA,NA,NA,CCC,USD,-41.09,83.38,-0.341,-83.09,2026-04-05,2026-04-06 15:28:51 UTC
INRUSD=X,INRUSD=X,INR/USD,FOREX,CURRENCY,NA,NA,NA,CCY,USD,-8.18,5.66,-1.43,-11.14,2026-04-03,2026-04-06 15:28:51 UTC
INTA,INTA,"Intapp, Inc.",US_MID,EQUITY,United States,Technology,Software - Application,NMS,USD,-61.03,52.65,-1.178,-66.6,2026-04-02,2026-04-06 15:28:51 UTC
INTU,INTU,Intuit Inc.,US_MEGA,EQUITY,United States,Technology,Software - Application,NMS,USD,-20.56,35.61,-0.587,-55.41,2026-04-02,2026-04-06 15:28:51 UTC
INVZ,INVZ,Innoviz Technologies Ltd.,US_MID,EQUITY,Israel,Consumer Cyclical,Auto Parts,NCM,USD,60.28,93.09,0.658,-75.21,2026-04-02,2026-04-06 15:28:51 UTC
IOT,IOT,Samsara Inc.,US_MID,EQUITY,United States,Technology,Software - Infrastructure,NYQ,USD,10.55,55.63,0.193,-49.2,2026-04-02,2026-04-06 15:28:51 UTC
IRBO,IRBO,iShares Robotics and Artificial,ETF,ETF,NA,NA,NA,PCX,USD,57.18,31.38,1.859,-18.81,2026-04-02,2026-04-06 15:28:51 UTC
ISRG,ISRG,"Intuitive Surgical, Inc.",US_MEGA,EQUITY,United States,Healthcare,Medical Instruments & Supplies,NMS,USD,2.59,32.78,0.08,-24.09,2026-04-02,2026-04-06 15:28:51 UTC
ITUB,ITUB,Itau Unibanco Banco Holding SA,INTL,EQUITY,Brazil,Financial Services,Banks - Regional,NYQ,USD,61.69,30.34,2.066,-18.05,2026-04-02,2026-04-06 15:28:51 UTC
ITW,ITW,Illinois Tool Works Inc.,US_MEGA,EQUITY,United States,Industrials,Specialty Industrial Machinery,NYQ,USD,20.02,21.74,0.936,-14.49,2026-04-02,2026-04-06 15:28:51 UTC
IWM,IWM,iShares Russell 2000 ETF,ETF,ETF,NA,NA,NA,PCX,USD,37.03,21.86,1.721,-11.03,2026-04-02,2026-04-06 15:28:51 UTC
JD,JD,"JD.com, Inc.",INTL,EQUITY,China,Consumer Cyclical,Internet Retail,NMS,USD,-12.15,33.32,-0.37,-33.47,2026-04-02,2026-04-06 15:28:51 UTC
JNJ,JNJ,Johnson & Johnson,US_MEGA,EQUITY,United States,Healthcare,Drug Manufacturers - General,NYQ,USD,52,16.69,3.167,-7.22,2026-04-02,2026-04-06 15:28:51 UTC
JNK,JNK,State Street SPDR Bloomberg Hig,ETF,ETF,NA,NA,NA,PCX,USD,11.12,5.27,2.143,-2.51,2026-04-02,2026-04-06 15:28:51 UTC
JPM,JPM,JP Morgan Chase & Co.,US_MEGA,EQUITY,United States,Financial Services,Banks - Diversified,NYQ,USD,35.8,23.08,1.576,-15.47,2026-04-02,2026-04-06 15:28:51 UTC
JPYUSD=X,JPYUSD=X,JPY/USD,FOREX,CURRENCY,NA,NA,NA,CCY,USD,-8.75,9.76,-0.885,-12.08,2026-04-03,2026-04-06 15:28:51 UTC
KARS,KARS,KraneShares Electric Vehicles a,ETF,ETF,NA,NA,NA,PCX,USD,62.36,26.77,2.367,-9.46,2026-04-02,2026-04-06 15:28:51 UTC
KC=F,KC=F,Coffee Sep 26,COMMODITIES,FUTURE,NA,NA,NA,NYB,USX,-8.84,36.62,-0.244,-34.97,2026-04-02,2026-04-06 15:28:51 UTC
KLAC,KLAC,KLA Corporation,US_MEGA,EQUITY,United States,Technology,Semiconductor Equipment & Materials,NMS,USD,104.17,47.97,2.207,-22.41,2026-04-02,2026-04-06 15:28:51 UTC
KRWUSD=X,KRWUSD=X,KRW/USD,FOREX,CURRENCY,NA,NA,NA,CCY,USD,-2.84,10.67,-0.263,-11.06,2026-04-03,2026-04-06 15:28:51 UTC
KWEB,KWEB,KraneShares CSI China Internet,ETF,ETF,NA,NA,NA,PCX,USD,5.22,27.48,0.193,-31.36,2026-04-02,2026-04-06 15:28:51 UTC
LABD,LABD,Direxion Daily S&P Biotech Bear,ETF,ETF,NA,NA,NA,PCX,USD,-168.83,82.98,-2.067,-88.46,2026-04-02,2026-04-06 15:28:51 UTC
LABU,LABU,Direxion Daily S&P Biotech Bull,ETF,ETF,NA,NA,NA,PCX,USD,173.01,83.36,2.109,-30.7,2026-04-02,2026-04-06 15:28:51 UTC
LCID,LCID,"Lucid Group, Inc.",US_MID,EQUITY,United States,Consumer Cyclical,Auto Manufacturers,NMS,USD,-62.94,76.04,-0.841,-70.77,2026-04-02,2026-04-06 15:28:51 UTC
LI,LI,Li Auto Inc.,INTL,EQUITY,China,Consumer Cyclical,Auto Manufacturers,NMS,USD,-7.23,40.43,-0.182,-50.53,2026-04-02,2026-04-06 15:28:51 UTC
LIN,LIN,Linde plc,US_MEGA,EQUITY,United Kingdom,Basic Materials,Specialty Chemicals,NMS,USD,19.65,18.89,1.057,-19.18,2026-04-02,2026-04-06 15:28:51 UTC
LINK-USD,LINK-USD,Chainlink USD,CRYPTO,CRYPTOCURRENCY,NA,NA,NA,CCC,USD,9.61,68.81,0.097,-70.44,2026-04-05,2026-04-06 15:28:51 UTC
LLY,LLY,Eli Lilly and Company,US_MEGA,EQUITY,United States,Healthcare,Drug Manufacturers - General,NYQ,USD,35.18,42.15,0.848,-30.26,2026-04-02,2026-04-06 15:28:51 UTC
LQD,LQD,iShares iBoxx $ Investment Grad,ETF,ETF,NA,NA,NA,PCX,USD,6.99,6.35,1.118,-3.34,2026-04-02,2026-04-06 15:28:51 UTC
LRCX,LRCX,Lam Research Corporation,US_MEGA,EQUITY,United States,Technology,Semiconductor Equipment & Materials,NMS,USD,139.64,51.75,2.742,-20.01,2026-04-02,2026-04-06 15:28:51 UTC
LTC-USD,LTC-USD,Litecoin USD,CRYPTO,CRYPTOCURRENCY,NA,NA,NA,CCC,USD,-2.76,56.8,-0.034,-61.3,2026-04-05,2026-04-06 15:28:51 UTC
LYFT,LYFT,"Lyft, Inc.",US_MID,EQUITY,United States,Technology,Software - Application,NMS,USD,40.78,59.1,0.701,-48.51,2026-04-02,2026-04-06 15:28:51 UTC
MA,MA,Mastercard Incorporated,US_MEGA,EQUITY,United States,Financial Services,Credit Services,NYQ,USD,4.77,22.93,0.211,-18.92,2026-04-02,2026-04-06 15:28:51 UTC
MANA-USD,MANA-USD,Decentraland USD,CRYPTO,CRYPTOCURRENCY,NA,NA,NA,CCC,USD,-53.2,70.16,-0.525,-79.21,2026-04-05,2026-04-06 15:28:51 UTC
MCD,MCD,McDonald's Corporation,US_MEGA,EQUITY,United States,Consumer Cyclical,Restaurants,NYQ,USD,5.96,16.21,0.374,-10.6,2026-04-02,2026-04-06 15:28:51 UTC
MCHI,MCHI,iShares MSCI China ETF,ETF,ETF,NA,NA,NA,NGM,USD,23.85,21.48,1.128,-17.17,2026-04-02,2026-04-06 15:28:51 UTC
MCK,MCK,McKesson Corporation,US_MEGA,EQUITY,United States,Healthcare,Medical Distribution,NYQ,USD,33.2,28.39,1.188,-13.61,2026-04-02,2026-04-06 15:28:51 UTC
MDB,MDB,"MongoDB, Inc.",US_MID,EQUITY,United States,Technology,Software - Infrastructure,NGM,USD,76.98,70.31,1.112,-46.62,2026-04-02,2026-04-06 15:28:51 UTC
MELI,MELI,"MercadoLibre, Inc.",INTL,EQUITY,Uruguay,Consumer Cyclical,Internet Retail,NMS,USD,2.88,38.76,0.076,-38.8,2026-04-02,2026-04-06 15:28:51 UTC
META,META,"Meta Platforms, Inc.",US_MEGA,EQUITY,United States,Communication Services,Internet Content & Information,NMS,USD,18.24,38.77,0.478,-33.3,2026-04-02,2026-04-06 15:28:51 UTC
MFG,MFG,"Mizuho Financial Group, Inc. Sp",INTL,EQUITY,Japan,Financial Services,Banks - Regional,NYQ,USD,68.92,31.32,2.236,-24.78,2026-04-02,2026-04-06 15:28:51 UTC
MKR-USD,MKR-USD,Maker USD,CRYPTO,CRYPTOCURRENCY,NA,NA,NA,CCC,USD,82.67,74.93,0.764,-43.86,2026-04-05,2026-04-06 15:28:51 UTC
MO,MO,"Altria Group, Inc.",US_MEGA,EQUITY,United States,Consumer Defensive,Tobacco,NYQ,USD,25.6,20.67,1.258,-16.4,2026-04-02,2026-04-06 15:28:51 UTC
MRK,MRK,"Merck & Company, Inc.",US_MEGA,EQUITY,United States,Healthcare,Drug Manufacturers - General,NYQ,USD,47.38,28.51,1.688,-13.77,2026-04-02,2026-04-06 15:28:51 UTC
MS,MS,Morgan Stanley,US_MEGA,EQUITY,United States,Financial Services,Capital Markets,NYQ,USD,56.15,27.97,2.04,-18.83,2026-04-02,2026-04-06 15:28:51 UTC
MSFT,MSFT,Microsoft Corporation,US_MEGA,EQUITY,United States,Technology,Software - Infrastructure,NMS,USD,8.4,26.25,0.325,-33.91,2026-04-02,2026-04-06 15:28:51 UTC
MUB,MUB,iShares National Muni Bond ETF,ETF,ETF,NA,NA,NA,PCX,USD,5.81,3.7,1.592,-2.79,2026-04-02,2026-04-06 15:28:51 UTC
MUFG,MUFG,"Mitsubishi UFJ Financial Group,",INTL,EQUITY,Japan,Financial Services,Banks - Diversified,NYQ,USD,51.99,28.6,1.847,-17.28,2026-04-02,2026-04-06 15:28:51 UTC
MVIS,MVIS,"Microvision, Inc.",US_MID,EQUITY,United States,Technology,Scientific & Technical Instruments,NGM,USD,-28.99,79.94,-0.369,-64.67,2026-04-02,2026-04-06 15:28:51 UTC
MXNUSD=X,MXNUSD=X,MXN/USD,FOREX,CURRENCY,NA,NA,NA,CCY,USD,14.83,8.65,1.694,-5.76,2026-04-03,2026-04-06 15:28:51 UTC
MYRUSD=X,MYRUSD=X,MYR/USD,FOREX,CURRENCY,NA,NA,NA,CCY,USD,9.45,6.1,1.53,-4.07,2026-04-03,2026-04-06 15:28:51 UTC
NAB.AX,NAB.AX,NAT. BANK FPO [NAB],INTL,EQUITY,Australia,Financial Services,Banks - Diversified,ASX,AUD,32.59,20.69,1.588,-15.99,2026-04-02,2026-04-06 15:28:51 UTC
NCNO,NCNO,"nCino, Inc.",US_MID,EQUITY,United States,Technology,Software - Application,NMS,USD,-13.89,45.34,-0.311,-57.14,2026-04-02,2026-04-06 15:28:51 UTC
NEAR-USD,NEAR-USD,NEAR Protocol USD,CRYPTO,CRYPTOCURRENCY,NA,NA,NA,CCC,USD,-8.22,81.44,-0.07,-71.37,2026-04-05,2026-04-06 15:28:51 UTC
NEE,NEE,"NextEra Energy, Inc.",US_MEGA,EQUITY,United States,Utilities,Utilities - Regulated Electric,NYQ,USD,41.82,24.6,1.727,-10.75,2026-04-02,2026-04-06 15:28:51 UTC
NESN.SW,NESN.SW,NESTLE N,INTL,EQUITY,Switzerland,Consumer Defensive,Packaged Foods,EBS,CHF,-1.07,19.85,-0.055,-19.96,2026-04-02,2026-04-06 15:28:51 UTC
NET,NET,"Cloudflare, Inc.",US_MID,EQUITY,United States,Technology,Software - Infrastructure,NYQ,USD,89.32,50.87,1.784,-36.76,2026-04-02,2026-04-06 15:28:51 UTC
NFLX,NFLX,"Netflix, Inc.",US_MEGA,EQUITY,United States,Communication Services,Entertainment,NMS,USD,18.36,33.77,0.553,-43.35,2026-04-02,2026-04-06 15:28:51 UTC
NG=F,NG=F,Natural Gas May 26,COMMODITIES,FUTURE,NA,NA,NA,NYM,USD,25.53,98.49,0.262,-62.47,2026-04-02,2026-04-06 15:28:51 UTC
NIO,NIO,NIO Inc.,INTL,EQUITY,China,Consumer Cyclical,Auto Manufacturers,NYQ,USD,81.6,62.15,1.334,-43.73,2026-04-02,2026-04-06 15:28:51 UTC
NMR,NMR,Nomura Holdings Inc,INTL,EQUITY,Japan,Financial Services,Capital Markets,NYQ,USD,52.01,31.39,1.683,-22.43,2026-04-02,2026-04-06 15:28:51 UTC
NOC,NOC,Northrop Grumman Corporation,US_MEGA,EQUITY,United States,Industrials,Aerospace & Defense,NYQ,USD,43.43,28.58,1.544,-15.56,2026-04-02,2026-04-06 15:28:51 UTC
NOKUSD=X,NOKUSD=X,NOK/USD,FOREX,CURRENCY,NA,NA,NA,CCY,USD,10.71,9.34,1.133,-4.73,2026-04-03,2026-04-06 15:28:51 UTC
NOVN.SW,NOVN.SW,NOVARTIS N,INTL,EQUITY,Switzerland,Healthcare,Drug Manufacturers - General,EBS,CHF,39.46,19.08,2.119,-8.72,2026-04-02,2026-04-06 15:28:51 UTC
NOW,NOW,"ServiceNow, Inc.",US_MEGA,EQUITY,United States,Technology,Software - Application,NYQ,USD,-28.07,41.86,-0.681,-52.42,2026-04-02,2026-04-06 15:28:51 UTC
NSC,NSC,Norfolk Southern Corporation,US_MEGA,EQUITY,United States,Industrials,Railroads,NYQ,USD,36.65,20.75,1.794,-12.47,2026-04-02,2026-04-06 15:28:51 UTC
NTES,NTES,"NetEase, Inc.",INTL,EQUITY,China,Communication Services,Electronic Gaming & Multimedia,NMS,USD,27.48,32.58,0.857,-30.46,2026-04-02,2026-04-06 15:28:51 UTC
NTLA,NTLA,"Intellia Therapeutics, Inc.",US_MID,EQUITY,United States,Healthcare,Biotechnology,NGM,USD,123.45,101.19,1.24,-71.27,2026-04-02,2026-04-06 15:28:51 UTC
NU,NU,Nu Holdings Ltd.,INTL,EQUITY,Brazil,Financial Services,Banks - Regional,NYQ,USD,45.26,39.57,1.162,-27.99,2026-04-02,2026-04-06 15:28:51 UTC
NUVL,NUVL,"Nuvalent, Inc.",US_MID,EQUITY,United States,Healthcare,Biotechnology,NMS,USD,59.04,45.59,1.316,-15.79,2026-04-02,2026-04-06 15:28:51 UTC
NVDA,NVDA,NVIDIA Corporation,US_MEGA,EQUITY,United States,Technology,Semiconductors,NMS,USD,67.49,40.07,1.711,-20.21,2026-04-02,2026-04-06 15:28:51 UTC
NVO,NVO,Novo Nordisk A/S,INTL,EQUITY,Denmark,Healthcare,Drug Manufacturers - General,NYQ,USD,-34.54,54.12,-0.649,-55.03,2026-04-02,2026-04-06 15:28:51 UTC
NZDUSD=X,NZDUSD=X,NZD/USD,FOREX,CURRENCY,NA,NA,NA,CCY,USD,3.56,9.2,0.382,-8.34,2026-04-03,2026-04-06 15:28:51 UTC
ONTO,ONTO,Onto Innovation Inc.,US_MID,EQUITY,United States,Technology,Semiconductor Equipment & Materials,NYQ,USD,89.28,68.01,1.334,-33.64,2026-04-02,2026-04-06 15:28:51 UTC
OP-USD,OP-USD,Optimism USD,CRYPTO,CRYPTOCURRENCY,NA,NA,NA,CCC,USD,-114.82,85.76,-0.927,-88.84,2026-04-05,2026-04-06 15:28:51 UTC
ORLY,ORLY,"O'Reilly Automotive, Inc.",US_MEGA,EQUITY,United States,Consumer Cyclical,Auto Parts,NMS,USD,5.01,21.38,0.238,-19.03,2026-04-02,2026-04-06 15:28:51 UTC
OXY,OXY,Occidental Petroleum Corporatio,US_MEGA,EQUITY,United States,Energy,Oil & Gas E&P,NYQ,USD,57.3,36.63,1.589,-18.62,2026-04-02,2026-04-06 15:28:51 UTC
PA=F,PA=F,Palladium Jun 26,COMMODITIES,FUTURE,NA,NA,NA,NYM,USD,68.32,54.87,1.265,-38.19,2026-04-02,2026-04-06 15:28:51 UTC
PAGS,PAGS,PagSeguro Digital Ltd.,INTL,EQUITY,Brazil,Technology,Software - Infrastructure,NYQ,USD,43.22,50.26,0.874,-21.92,2026-04-02,2026-04-06 15:28:51 UTC
PANW,PANW,"Palo Alto Networks, Inc.",US_MID,EQUITY,United States,Technology,Software - Infrastructure,NMS,USD,13.19,36.03,0.372,-36.01,2026-04-02,2026-04-06 15:28:51 UTC
PAYO,PAYO,Payoneer Global Inc.,US_MID,EQUITY,United States,Technology,Software - Infrastructure,NGM,USD,-9.98,50.73,-0.2,-42.76,2026-04-02,2026-04-06 15:28:51 UTC
PBR,PBR,Petroleo Brasileiro S.A. Petrob,INTL,EQUITY,Brazil,Energy,Oil & Gas Integrated,NYQ,USD,65.79,31.43,2.127,-14.33,2026-04-02,2026-04-06 15:28:51 UTC
PCOR,PCOR,"Procore Technologies, Inc.",US_MID,EQUITY,United States,Technology,Software - Application,NYQ,USD,9.82,45.2,0.221,-39.85,2026-04-02,2026-04-06 15:28:51 UTC
PD,PD,"PagerDuty, Inc.",US_MID,EQUITY,United States,Technology,Software - Application,NYQ,USD,-70.68,52.68,-1.363,-65,2026-04-02,2026-04-06 15:28:51 UTC
PDBC,PDBC,Invesco Optimum Yield Diversifi,ETF,ETF,NA,NA,NA,NGM,USD,39.2,18.07,2.204,-7.19,2026-04-02,2026-04-06 15:28:51 UTC
PDD,PDD,PDD Holdings Inc.,INTL,EQUITY,Ireland,Consumer Cyclical,Internet Retail,NMS,USD,6.74,34.34,0.2,-30.36,2026-04-02,2026-04-06 15:28:51 UTC
PEP,PEP,"Pepsico, Inc.",US_MEGA,EQUITY,United States,Consumer Defensive,Beverages - Non-Alcoholic,NMS,USD,15.56,22.28,0.71,-12.47,2026-04-02,2026-04-06 15:28:51 UTC
PG,PG,Procter & Gamble Company (The),US_MEGA,EQUITY,United States,Consumer Defensive,Household & Personal Products,NYQ,USD,-6.98,18.08,-0.392,-17.62,2026-04-02,2026-04-06 15:28:51 UTC
PHPUSD=X,PHPUSD=X,PHP/USD,FOREX,CURRENCY,NA,NA,NA,CCY,USD,-4.54,10.94,-0.41,-10.73,2026-04-03,2026-04-06 15:28:51 UTC
PINS,PINS,"Pinterest, Inc.",US_MID,EQUITY,United States,Communication Services,Internet Content & Information,NYQ,USD,-19.96,51.38,-0.395,-60.63,2026-04-02,2026-04-06 15:28:51 UTC
PKRUSD=X,PKRUSD=X,PKR/USD,FOREX,CURRENCY,NA,NA,NA,CCY,USD,0.98,5.87,0.165,-2.07,2026-04-03,2026-04-06 15:28:51 UTC
PL=F,PL=F,Platinum Jul 26,COMMODITIES,FUTURE,NA,NA,NA,NYM,USD,93.63,54,1.755,-35.55,2026-04-02,2026-04-06 15:28:51 UTC
PLD,PLD,"Prologis, Inc.",US_MEGA,EQUITY,United States,Real Estate,REIT - Industrial,NYQ,USD,41.07,24.43,1.708,-9.59,2026-04-02,2026-04-06 15:28:51 UTC
PNC,PNC,"PNC Financial Services Group, I",US_MEGA,EQUITY,United States,Financial Services,Banks - Regional,NYQ,USD,38.93,23.6,1.676,-17.21,2026-04-02,2026-04-06 15:28:51 UTC
PODD,PODD,Insulet Corporation,US_MID,EQUITY,United States,Healthcare,Medical Devices,NMS,USD,-15.44,38.96,-0.403,-42.09,2026-04-02,2026-04-06 15:28:51 UTC
PRME,PRME,"Prime Medicine, Inc.",US_MID,EQUITY,United States,Healthcare,Biotechnology,NGM,USD,152.3,111.14,1.392,-52.77,2026-04-02,2026-04-06 15:28:51 UTC
PSA,PSA,Public Storage,US_MEGA,EQUITY,United States,Real Estate,REIT - Industrial,NYQ,USD,8.42,23,0.372,-16.2,2026-04-02,2026-04-06 15:28:51 UTC
PYPL,PYPL,"PayPal Holdings, Inc.",US_MEGA,EQUITY,United States,Financial Services,Credit Services,NMS,USD,-16.63,40.51,-0.417,-49.92,2026-04-02,2026-04-06 15:28:51 UTC
QCLN,QCLN,First Trust NASDAQ Clean Edge G,ETF,ETF,NA,NA,NA,NGM,USD,65.69,37.08,1.8,-15.86,2026-04-02,2026-04-06 15:28:51 UTC
QLYS,QLYS,"Qualys, Inc.",US_MID,EQUITY,United States,Technology,Software - Infrastructure,NMS,USD,-20.02,40.8,-0.499,-44.32,2026-04-02,2026-04-06 15:28:51 UTC
QQQ,QQQ,"Invesco QQQ Trust, Series 1",ETF,ETF,NA,NA,NA,NGM,USD,34.93,21.25,1.67,-11.96,2026-04-02,2026-04-06 15:28:51 UTC
RB=F,RB=F,RBOB Gasoline Jun 26,COMMODITIES,FUTURE,NA,NA,NA,NYM,USD,55.56,37.31,1.507,-27.84,2026-04-02,2026-04-06 15:28:51 UTC
RBLX,RBLX,Roblox Corporation,US_MID,EQUITY,United States,Communication Services,Electronic Gaming & Multimedia,NYQ,USD,28.76,55.62,0.525,-63.33,2026-04-02,2026-04-06 15:28:51 UTC
RDDT,RDDT,"Reddit, Inc.",US_MID,EQUITY,United States,Communication Services,Internet Content & Information,NYQ,USD,61.73,70.22,0.893,-54.99,2026-04-02,2026-04-06 15:28:51 UTC
REGN,REGN,"Regeneron Pharmaceuticals, Inc.",US_MEGA,EQUITY,United States,Healthcare,Biotechnology,NMS,USD,37.25,40.28,0.94,-21.43,2026-04-02,2026-04-06 15:28:51 UTC
RELX,RELX,RELX PLC PLC,INTL,EQUITY,United Kingdom,Industrials,Specialty Business Services,NYQ,USD,-24.49,29.47,-0.844,-49.91,2026-04-02,2026-04-06 15:28:51 UTC
RELY,RELY,"Remitly Global, Inc.",US_MID,EQUITY,United States,Technology,Software - Infrastructure,NMS,USD,-0.34,56.61,-0.006,-50.18,2026-04-02,2026-04-06 15:28:51 UTC
RIO,RIO,Rio Tinto Plc,INTL,EQUITY,United Kingdom,Basic Materials,Other Industrial Metals & Mining,NYQ,USD,63.79,27.43,2.363,-15.19,2026-04-02,2026-04-06 15:28:51 UTC
RIVN,RIVN,"Rivian Automotive, Inc.",US_MID,EQUITY,United States,Consumer Cyclical,Auto Manufacturers,NMS,USD,50.85,64.08,0.806,-38.84,2026-04-02,2026-04-06 15:28:51 UTC
ROBO,ROBO,ROBO Global Robotics and Automa,ETF,ETF,NA,NA,NA,PCX,USD,46.99,24.49,1.95,-17.35,2026-04-02,2026-04-06 15:28:51 UTC
ROG.SW,ROG.SW,ROCHE GS,INTL,EQUITY,Switzerland,Healthcare,Drug Manufacturers - General,EBS,CHF,31.34,23.56,1.363,-17.08,2026-04-02,2026-04-06 15:28:51 UTC
ROP,ROP,"Roper Technologies, Inc.",US_MEGA,EQUITY,United States,Technology,Software - Application,NMS,USD,-36.2,24.54,-1.499,-45.59,2026-04-02,2026-04-06 15:28:51 UTC
RTX,RTX,RTX Corporation,US_MEGA,EQUITY,United States,Industrials,Aerospace & Defense,NYQ,USD,56.53,26.23,2.19,-11.99,2026-04-02,2026-04-06 15:28:51 UTC
RUBUSD=X,RUBUSD=X,RUB/USD,FOREX,CURRENCY,NA,NA,NA,CCY,USD,6.09,18.66,0.323,-13.98,2026-04-03,2026-04-06 15:28:51 UTC
RXRX,RXRX,"Recursion Pharmaceuticals, Inc.",US_MID,EQUITY,United States,Healthcare,Biotechnology,NMS,USD,2.77,83.14,0.034,-58.17,2026-04-02,2026-04-06 15:28:51 UTC
RY,RY,Royal Bank Of Canada,INTL,EQUITY,Canada,Financial Services,Banks - Diversified,NYQ,USD,43.4,16.25,2.713,-10.04,2026-04-02,2026-04-06 15:28:51 UTC
S,S,"SentinelOne, Inc.",US_MID,EQUITY,United States,Technology,Software - Infrastructure,NYQ,USD,-12.17,48.37,-0.256,-39.18,2026-04-02,2026-04-06 15:28:51 UTC
SAN,SAN,"Banco Santander, S.A. Sponsored",INTL,EQUITY,Spain,Financial Services,Banks - Diversified,NYQ,USD,76.1,32.8,2.357,-20.29,2026-04-02,2026-04-06 15:28:51 UTC
SAND-USD,SAND-USD,The Sandbox USD,CRYPTO,CRYPTOCURRENCY,NA,NA,NA,CCC,USD,-70.16,74.67,-0.65,-80.46,2026-04-05,2026-04-06 15:28:51 UTC
SAP,SAP,SAP  SE,INTL,EQUITY,Germany,Technology,Software - Application,NYQ,USD,-27.96,32.25,-0.881,-47.42,2026-04-02,2026-04-06 15:28:51 UTC
SB=F,SB=F,Sugar #11 May 26,COMMODITIES,FUTURE,NA,NA,NA,NYB,USX,-19.28,23.22,-0.841,-26.55,2026-04-02,2026-04-06 15:28:51 UTC
SCHW,SCHW,Charles Schwab Corporation (The,US_MEGA,EQUITY,United States,Financial Services,Capital Markets,NYQ,USD,33,22.91,1.464,-14.61,2026-04-02,2026-04-06 15:28:51 UTC
SDGR,SDGR,"Schrodinger, Inc.",US_MID,EQUITY,United States,Healthcare,Health Information Services,NMS,USD,-28.29,59.6,-0.482,-58.52,2026-04-02,2026-04-06 15:28:51 UTC
SDOW,SDOW,UltraPro Short Dow30,ETF,ETF,NA,NA,NA,PCX,USD,-53.27,46.06,-1.175,-58.8,2026-04-02,2026-04-06 15:28:51 UTC
SEER,SEER,"Seer, Inc.",US_MID,EQUITY,United States,Healthcare,Biotechnology,NMS,USD,4.95,45.45,0.111,-29.96,2026-04-02,2026-04-06 15:28:51 UTC
SEI-USD,SEI-USD,Sei USD,CRYPTO,CRYPTOCURRENCY,NA,NA,NA,CCC,USD,-52.18,80.99,-0.446,-86.57,2026-04-05,2026-04-06 15:28:51 UTC
SEKUSD=X,SEKUSD=X,SEK/USD,FOREX,CURRENCY,NA,NA,NA,CCY,USD,6.73,10.19,0.653,-8.08,2026-04-03,2026-04-06 15:28:51 UTC
SGDUSD=X,SGDUSD=X,SGD/USD,FOREX,CURRENCY,NA,NA,NA,CCY,USD,4.8,4.62,1.027,-2.82,2026-04-03,2026-04-06 15:28:51 UTC
SHEL,SHEL,Shell PLC,INTL,EQUITY,United Kingdom,Energy,Oil & Gas Integrated,NYQ,USD,46.6,22.52,2.103,-7.83,2026-04-02,2026-04-06 15:28:51 UTC
SHIB-USD,SHIB-USD,Shiba Inu USD,CRYPTO,CRYPTOCURRENCY,NA,NA,NA,CCC,USD,-12.05,82.14,-0.102,-70.59,2026-04-05,2026-04-06 15:28:51 UTC
SHY,SHY,iShares 1-3 Year Treasury Bond,ETF,ETF,NA,NA,NA,NGM,USD,3.31,1.41,2.394,-0.89,2026-04-02,2026-04-06 15:28:51 UTC
SI=F,SI=F,Silver May 26,COMMODITIES,FUTURE,NA,NA,NA,CMX,USD,109.96,60.95,1.826,-41.2,2026-04-02,2026-04-06 15:28:51 UTC
SKYY,SKYY,First Trust Cloud Computing ETF,ETF,ETF,NA,NA,NA,NGM,USD,24.27,28.03,0.88,-26.68,2026-04-02,2026-04-06 15:28:51 UTC
SLB,SLB,SLB Limited,US_MEGA,EQUITY,United States,Energy,Oil & Gas Equipment & Services,NYQ,USD,49.84,37.35,1.356,-14.3,2026-04-02,2026-04-06 15:28:51 UTC
SLV,SLV,iShares Silver Trust,ETF,ETF,NA,NA,NA,PCX,USD,105.71,56.87,1.889,-42.45,2026-04-02,2026-04-06 15:28:51 UTC
SMCI,SMCI,"Super Micro Computer, Inc.",US_MID,EQUITY,United States,Technology,Computer Hardware,NMS,USD,-3.37,78.65,-0.043,-66.18,2026-04-02,2026-04-06 15:28:51 UTC
SMFG,SMFG,Sumitomo Mitsui Financial Group,INTL,EQUITY,Japan,Financial Services,Banks - Diversified,NYQ,USD,55.87,30.44,1.865,-20.12,2026-04-02,2026-04-06 15:28:51 UTC
SMH,SMH,VanEck Semiconductor ETF,ETF,ETF,NA,NA,NA,NGM,USD,81.56,35.12,2.36,-14.93,2026-04-02,2026-04-06 15:28:51 UTC
SNAP,SNAP,Snap Inc.,US_MID,EQUITY,United States,Communication Services,Internet Content & Information,NYQ,USD,-32.91,61.16,-0.547,-62.03,2026-04-02,2026-04-06 15:28:51 UTC
SNSR,SNSR,Global X Internet of Things ETF,ETF,ETF,NA,NA,NA,NGM,USD,33.02,28.21,1.189,-14.3,2026-04-02,2026-04-06 15:28:51 UTC
SO,SO,Southern Company (The),US_MEGA,EQUITY,United States,Utilities,Utilities - Regulated Electric,NYQ,USD,15.6,16.12,0.983,-14.99,2026-04-02,2026-04-06 15:28:51 UTC
SOFI,SOFI,"SoFi Technologies, Inc.",US_MID,EQUITY,United States,Financial Services,Credit Services,NMS,USD,63.65,57.62,1.122,-52.96,2026-04-02,2026-04-06 15:28:51 UTC
SOL-USD,SOL-USD,Solana USD,CRYPTO,CRYPTOCURRENCY,NA,NA,NA,CCC,USD,2.55,62.51,0.028,-68.6,2026-04-05,2026-04-06 15:28:51 UTC
SONY,SONY,Sony Group Corporation,INTL,EQUITY,Japan,Technology,Consumer Electronics,NYQ,USD,3.76,29.5,0.13,-34.2,2026-04-02,2026-04-06 15:28:51 UTC
SOXL,SOXL,Direxion Daily Semiconductor Bu,ETF,ETF,NA,NA,NA,PCX,USD,236.52,113.7,2.114,-43.47,2026-04-02,2026-04-06 15:28:51 UTC
SOXS,SOXS,Direxion Daily Semiconductor Be,ETF,ETF,NA,NA,NA,PCX,USD,-236.17,114.27,-2.1,-96.52,2026-04-02,2026-04-06 15:28:51 UTC
SOXX,SOXX,iShares PHLX SOX Semiconductor,ETF,ETF,NA,NA,NA,NGM,USD,82.21,38.2,2.187,-15.77,2026-04-02,2026-04-06 15:28:51 UTC
SOYB,SOYB,Teucrium Soybean Fund ETV,ETF,ETF,NA,NA,NA,PCX,USD,16.89,13.42,1.279,-8.78,2026-04-02,2026-04-06 15:28:51 UTC
SPGI,SPGI,S&P Global Inc.,US_MEGA,EQUITY,United States,Financial Services,Financial Data & Stock Exchanges,NYQ,USD,3.09,28.06,0.112,-30.48,2026-04-02,2026-04-06 15:28:51 UTC
SPSC,SPSC,"SPS Commerce, Inc.",US_MID,EQUITY,United States,Technology,Software - Application,NMS,USD,-66.86,47.45,-1.432,-64.54,2026-04-02,2026-04-06 15:28:51 UTC
SPXU,SPXU,ProShares UltraPro Short S&P500,ETF,ETF,NA,NA,NA,PCX,USD,-70.93,49.55,-1.455,-65.13,2026-04-02,2026-04-06 15:28:51 UTC
SPY,SPY,State Street SPDR S&P 500 ETF T,ETF,ETF,NA,NA,NA,PCX,USD,28.88,17.52,1.676,-8.88,2026-04-02,2026-04-06 15:28:51 UTC
SQQQ,SQQQ,ProShares UltraPro Short QQQ,ETF,ETF,NA,NA,NA,NGM,USD,-90.21,63.01,-1.455,-75.23,2026-04-02,2026-04-06 15:28:51 UTC
STNE,STNE,StoneCo Ltd.,INTL,EQUITY,Cayman Islands,Technology,Software - Infrastructure,NMS,USD,40.36,51.05,0.803,-31.4,2026-04-02,2026-04-06 15:28:51 UTC
SU,SU,Suncor Energy  Inc.,INTL,EQUITY,Canada,Energy,Oil & Gas Integrated,NYQ,USD,73.74,24.44,3.066,-11.27,2026-04-02,2026-04-06 15:28:51 UTC
SUSHI-USD,SUSHI-USD,SushiSwap USD,CRYPTO,CRYPTOCURRENCY,NA,NA,NA,CCC,USD,-38.27,86.72,-0.306,-81.72,2026-04-05,2026-04-06 15:28:51 UTC
SYK,SYK,Stryker Corporation,US_MEGA,EQUITY,United States,Healthcare,Medical Devices,NYQ,USD,-0.81,21.77,-0.038,-18.8,2026-04-02,2026-04-06 15:28:51 UTC
T,T,AT&T Inc.,US_MEGA,EQUITY,United States,Communication Services,Telecom Services,NYQ,USD,11.99,21.48,0.567,-20.59,2026-04-02,2026-04-06 15:28:51 UTC
TAN,TAN,Invesco Solar ETF,ETF,ETF,NA,NA,NA,PCX,USD,76.04,39.22,1.97,-13.62,2026-04-02,2026-04-06 15:28:51 UTC
TD,TD,Toronto Dominion Bank (The),INTL,EQUITY,Canada,Financial Services,Banks - Diversified,NYQ,USD,57.33,16.45,3.541,-7.5,2026-04-02,2026-04-06 15:28:51 UTC
TENB,TENB,"Tenable Holdings, Inc.",US_MID,EQUITY,United States,Technology,Software - Infrastructure,NMS,USD,-51.99,38.65,-1.367,-53.36,2026-04-02,2026-04-06 15:28:51 UTC
TGT,TGT,Target Corporation,US_MEGA,EQUITY,United States,Consumer Defensive,Discount Stores,NYQ,USD,34.17,32.92,1.055,-20.27,2026-04-02,2026-04-06 15:28:51 UTC
THBUSD=X,THBUSD=X,THB/USD,FOREX,CURRENCY,NA,NA,NA,CCY,USD,6.3,8.32,0.748,-6.22,2026-04-03,2026-04-06 15:28:51 UTC
THETA-USD,THETA-USD,Theta Network USD,CRYPTO,CRYPTOCURRENCY,NA,NA,NA,CCC,USD,-103.48,79.19,-0.905,-86.39,2026-04-05,2026-04-06 15:28:51 UTC
THNQ,THNQ,ROBO Global Artificial Intellig,ETF,ETF,NA,NA,NA,PCX,USD,46.92,29.03,1.642,-18.39,2026-04-02,2026-04-06 15:28:51 UTC
TIA-USD,TIA-USD,Celestia USD,CRYPTO,CRYPTOCURRENCY,NA,NA,NA,CCC,USD,-148.75,90.88,-1.133,-91.49,2026-04-05,2026-04-06 15:28:51 UTC
TIP,TIP,iShares TIPS Bond ETF,ETF,ETF,NA,NA,NA,PCX,USD,4.28,3.96,1.099,-1.98,2026-04-02,2026-04-06 15:28:51 UTC
TJX,TJX,"TJX Companies, Inc. (The)",US_MEGA,EQUITY,United States,Consumer Cyclical,Apparel Retail,NYQ,USD,33.03,17.51,1.917,-10.13,2026-04-02,2026-04-06 15:28:51 UTC
TLT,TLT,iShares 20+ Year Treasury Bond,ETF,ETF,NA,NA,NA,NGM,USD,1.34,11,0.124,-6.56,2026-04-02,2026-04-06 15:28:51 UTC
TM,TM,Toyota Motor Corporation,INTL,EQUITY,Japan,Consumer Cyclical,Auto Manufacturers,NYQ,USD,29.93,30.19,1.008,-18.26,2026-04-02,2026-04-06 15:28:51 UTC
TME,TME,Tencent Music Entertainment Gro,INTL,EQUITY,China,Communication Services,Internet Content & Information,NYQ,USD,-17.47,50.1,-0.354,-65.14,2026-04-02,2026-04-06 15:28:51 UTC
TMO,TMO,Thermo Fisher Scientific Inc,US_MEGA,EQUITY,United States,Healthcare,Diagnostics & Research,NYQ,USD,16.87,31.99,0.536,-27.31,2026-04-02,2026-04-06 15:28:51 UTC
TOST,TOST,"Toast, Inc.",US_MID,EQUITY,United States,Technology,Software - Infrastructure,NYQ,USD,-4.91,45.12,-0.111,-49.15,2026-04-02,2026-04-06 15:28:51 UTC
TQQQ,TQQQ,ProShares UltraPro QQQ,ETF,ETF,NA,NA,NA,NGM,USD,93.48,63.04,1.507,-36.97,2026-04-02,2026-04-06 15:28:51 UTC
TRP,TRP,TC Energy Corporation,INTL,EQUITY,Canada,Energy,Oil & Gas Midstream,NYQ,USD,36.68,18.64,2,-9.65,2026-04-02,2026-04-06 15:28:51 UTC
TRX-USD,TRX-USD,TRON USD,CRYPTO,CRYPTOCURRENCY,NA,NA,NA,CCC,USD,37.42,25.31,1.024,-26.53,2026-04-05,2026-04-06 15:28:51 UTC
TRYUSD=X,TRYUSD=X,TRY/USD,FOREX,CURRENCY,NA,NA,NA,CCY,USD,-15.89,1.88,-8.347,-14.8,2026-04-03,2026-04-06 15:28:51 UTC
TSLA,TSLA,"Tesla, Inc.",US_MEGA,EQUITY,United States,Consumer Cyclical,Auto Manufacturers,NMS,USD,57.88,54.48,1.08,-27.48,2026-04-02,2026-04-06 15:28:51 UTC
TSM,TSM,Taiwan Semiconductor Manufactur,INTL,EQUITY,Taiwan,Technology,Semiconductors,NYQ,USD,92.28,37.37,2.509,-18.14,2026-04-02,2026-04-06 15:28:51 UTC
TTE,TTE,TotalEnergies SE,INTL,EQUITY,France,Energy,Oil & Gas Integrated,NYQ,USD,57.92,23.1,2.548,-8.9,2026-04-02,2026-04-06 15:28:51 UTC
TXN,TXN,Texas Instruments Incorporated,US_MEGA,EQUITY,United States,Technology,Semiconductors,NMS,USD,34.24,39.54,0.88,-29.57,2026-04-02,2026-04-06 15:28:51 UTC
UBS,UBS,UBS Group AG Registered,INTL,EQUITY,Switzerland,Financial Services,Banks - Diversified,NYQ,USD,46.25,28.05,1.675,-26.07,2026-04-02,2026-04-06 15:28:51 UTC
UDOW,UDOW,ProShares UltraPro Dow30,ETF,ETF,NA,NA,NA,PCX,USD,58.15,45.97,1.285,-28.07,2026-04-02,2026-04-06 15:28:51 UTC
UL,UL,Unilever PLC,INTL,EQUITY,United Kingdom,Consumer Defensive,Household & Personal Products,NYQ,USD,-10.78,20.6,-0.532,-25.09,2026-04-02,2026-04-06 15:28:51 UTC
UNH,UNH,UnitedHealth Group Incorporated,US_MEGA,EQUITY,United States,Healthcare,Healthcare Plans,NYQ,USD,-47.11,51.33,-0.933,-60.06,2026-04-02,2026-04-06 15:28:51 UTC
UNI-USD,UNI-USD,UNICORN Token USD,CRYPTO,CRYPTOCURRENCY,NA,NA,NA,CCC,USD,4.26,50.94,1.915,-3.77,2025-04-17,2026-04-06 15:28:51 UTC
UPRO,UPRO,ProShares UltraPro S&P 500,ETF,ETF,NA,NA,NA,PCX,USD,75.34,49.63,1.542,-26.79,2026-04-02,2026-04-06 15:28:51 UTC
USB,USB,U.S. Bancorp,US_MEGA,EQUITY,United States,Financial Services,Banks - Regional,NYQ,USD,43.42,24.13,1.828,-16.21,2026-04-02,2026-04-06 15:28:51 UTC
USDNGN=X,USDNGN=X,USD/NGN,FOREX,CURRENCY,NA,NA,NA,CCY,NGN,-11.05,6.45,-1.693,-16.78,2026-04-03,2026-04-06 15:28:51 UTC
V,V,Visa Inc.,US_MEGA,EQUITY,United States,Financial Services,Credit Services,NYQ,USD,-0.53,22.51,-0.024,-20.38,2026-04-02,2026-04-06 15:28:51 UTC
VALE,VALE,VALE S.A.,INTL,EQUITY,Brazil,Basic Materials,Other Industrial Metals & Mining,NYQ,USD,74.23,31.83,2.37,-19.85,2026-04-02,2026-04-06 15:28:51 UTC
VEA,VEA,Vanguard FTSE Developed Markets,ETF,ETF,NA,NA,NA,PCX,USD,38.69,16.27,2.416,-11.63,2026-04-02,2026-04-06 15:28:51 UTC
VET-USD,VET-USD,VeChain USD,CRYPTO,CRYPTOCURRENCY,NA,NA,NA,CCC,USD,-64.55,67.02,-0.667,-79.76,2026-04-05,2026-04-06 15:28:51 UTC
VOO,VOO,Vanguard S&P 500 ETF,ETF,ETF,NA,NA,NA,PCX,USD,28.82,16.52,1.772,-8.9,2026-04-02,2026-04-06 15:28:51 UTC
VRTX,VRTX,Vertex Pharmaceuticals Incorpor,US_MEGA,EQUITY,United States,Healthcare,Biotechnology,NMS,USD,-1.13,36.08,-0.032,-28.06,2026-04-02,2026-04-06 15:28:51 UTC
VTI,VTI,Vanguard Total Stock Market ETF,ETF,ETF,NA,NA,NA,PCX,USD,29.44,17.43,1.717,-8.92,2026-04-02,2026-04-06 15:28:51 UTC
VWO,VWO,Vanguard FTSE Emerging Markets,ETF,ETF,NA,NA,NA,PCX,USD,32.69,16.41,2.025,-11.17,2026-04-02,2026-04-06 15:28:51 UTC
WBC.AX,WBC.AX,WESTPAC FPO [WBC],INTL,EQUITY,Australia,Financial Services,Banks - Diversified,ASX,AUD,37.52,21.22,1.782,-8.99,2026-04-02,2026-04-06 15:28:51 UTC
WCLD,WCLD,WisdomTree Cloud Computing Fund,ETF,ETF,NA,NA,NA,NGM,USD,1.35,32.1,0.043,-31.4,2026-04-02,2026-04-06 15:28:51 UTC
WEAT,WEAT,Teucrium Wheat Fund ETV,ETF,ETF,NA,NA,NA,PCX,USD,0.15,20.32,0.008,-17.85,2026-04-02,2026-04-06 15:28:51 UTC
WIT,WIT,Wipro Limited,INTL,EQUITY,India,Technology,Information Technology Services,NYQ,USD,-20.95,31.23,-0.682,-32.35,2026-04-02,2026-04-06 15:28:51 UTC
WM,WM,"Waste Management, Inc.",US_MEGA,EQUITY,United States,Industrials,Waste Management,NYQ,USD,9.69,18.42,0.535,-18.14,2026-04-02,2026-04-06 15:28:51 UTC
WMT,WMT,Walmart Inc.,US_MEGA,EQUITY,United States,Consumer Defensive,Discount Stores,NMS,USD,44.2,23.65,1.899,-10.92,2026-04-02,2026-04-06 15:28:51 UTC
WOLF,WOLF,"Wolfspeed, Inc.",US_MID,EQUITY,United States,Technology,Semiconductors,NYQ,USD,3.68,105.03,0.069,-58.22,2026-04-02,2026-04-06 15:28:51 UTC
WPP,WPP,WPP plc,INTL,EQUITY,United Kingdom,Communication Services,Advertising Agencies,NYQ,USD,-55.29,47.62,-1.18,-60.46,2026-04-02,2026-04-06 15:28:51 UTC
XLB,XLB,State Street Materials Select S,ETF,ETF,NA,NA,NA,PCX,USD,31.23,19.47,1.63,-12.38,2026-04-02,2026-04-06 15:28:51 UTC
XLE,XLE,State Street Energy Select Sect,ETF,ETF,NA,NA,NA,PCX,USD,47.1,22.14,2.161,-7.36,2026-04-02,2026-04-06 15:28:51 UTC
XLF,XLF,State Street Financial Select S,ETF,ETF,NA,NA,NA,PCX,USD,14.61,17.19,0.863,-14.79,2026-04-02,2026-04-06 15:28:51 UTC
XLI,XLI,State Street Industrial Select,ETF,ETF,NA,NA,NA,PCX,USD,36.17,17.68,2.079,-12.21,2026-04-02,2026-04-06 15:28:51 UTC
XLK,XLK,State Street Technology Select,ETF,ETF,NA,NA,NA,PCX,USD,43.08,25.44,1.721,-15.92,2026-04-02,2026-04-06 15:28:51 UTC
XLM-USD,XLM-USD,Stellar USD,CRYPTO,CRYPTOCURRENCY,NA,NA,NA,CCC,USD,-5.26,62.58,-0.058,-70.57,2026-04-05,2026-04-06 15:28:51 UTC
XLP,XLP,State Street Consumer Staples S,ETF,ETF,NA,NA,NA,PCX,USD,9.02,13.16,0.696,-9.69,2026-04-02,2026-04-06 15:28:51 UTC
XLRE,XLRE,State Street Real Estate Select,ETF,ETF,NA,NA,NA,PCX,USD,13.6,15.36,0.899,-8.33,2026-04-02,2026-04-06 15:28:51 UTC
XLU,XLU,State Street Utilities Select S,ETF,ETF,NA,NA,NA,PCX,USD,27.22,14.75,1.875,-9.18,2026-04-02,2026-04-06 15:28:51 UTC
XLV,XLV,State Street Health Care Select,ETF,ETF,NA,NA,NA,PCX,USD,11.94,16.84,0.72,-10.21,2026-04-02,2026-04-06 15:28:51 UTC
XLY,XLY,State Street Consumer Discretio,ETF,ETF,NA,NA,NA,PCX,USD,21.26,22.52,0.959,-14.98,2026-04-02,2026-04-06 15:28:51 UTC
XMR-USD,XMR-USD,Monero USD,CRYPTO,CRYPTOCURRENCY,NA,NA,NA,CCC,USD,81.8,64.85,0.873,-59.01,2026-04-05,2026-04-06 15:28:51 UTC
XOM,XOM,Exxon Mobil Corporation,US_MEGA,EQUITY,United States,Energy,Oil & Gas Integrated,NYQ,USD,50.75,23.86,2.162,-8.32,2026-04-02,2026-04-06 15:28:51 UTC
XPEV,XPEV,XPeng Inc.,INTL,EQUITY,China,Consumer Cyclical,Auto Manufacturers,NYQ,USD,17.6,60.64,0.295,-43.46,2026-04-02,2026-04-06 15:28:51 UTC
XRP-USD,XRP-USD,XRP USD,CRYPTO,CRYPTOCURRENCY,NA,NA,NA,CCC,USD,-11.75,59.29,-0.137,-65.87,2026-04-05,2026-04-06 15:28:51 UTC
ZARUSD=X,ZARUSD=X,ZAR/USD,FOREX,CURRENCY,NA,NA,NA,CCY,USD,13.59,11.29,1.189,-8.61,2026-04-03,2026-04-06 15:28:51 UTC
ZC=F,ZC=F,"Corn Futures,May-2026",COMMODITIES,FUTURE,NA,NA,NA,CBT,USX,-0.85,19.3,-0.045,-24.22,2026-04-02,2026-04-06 15:28:51 UTC
ZS,ZS,"Zscaler, Inc.",US_MID,EQUITY,United States,Technology,Software - Infrastructure,NMS,USD,-16.26,44.74,-0.369,-60.4,2026-04-02,2026-04-06 15:28:51 UTC
ZS=F,ZS=F,"Soybean Futures,May-2026",COMMODITIES,FUTURE,NA,NA,NA,CBT,USX,18.09,15.83,1.161,-11.58,2026-04-02,2026-04-06 15:28:51 UTC
ZTS,ZTS,Zoetis Inc.,US_MEGA,EQUITY,United States,Healthcare,Drug Manufacturers - Specialty & Generic,NYQ,USD,-17.87,28.66,-0.634,-32.7,2026-04-02,2026-04-06 15:28:51 UTC
ZW=F,ZW=F,"Chicago SRW Wheat Futures,May-2",COMMODITIES,FUTURE,NA,NA,NA,CBT,USX,13.75,24.19,0.578,-13.8,2026-04-02,2026-04-06 15:28:51 UTC
^AEX,^AEX,AEX-Index,INDICES,INDEX,NA,NA,NA,AMS,EUR,20.69,13.94,1.484,-6.82,2026-04-02,2026-04-06 15:28:51 UTC
^AXJO,^AXJO,S&P/ASX 200 [XJO],INDICES,INDEX,NA,NA,NA,ASX,AUD,16.32,12.43,1.324,-9.05,2026-04-02,2026-04-06 15:28:51 UTC
^BSESN,^BSESN,S&P BSE SENSEX,INDICES,INDEX,NA,NA,NA,BSE,INR,1.06,12.97,0.084,-16.11,2026-04-02,2026-04-06 15:28:51 UTC
^BVSP,^BVSP,IBOVESPA,INDICES,INDEX,NA,NA,NA,SAO,BRL,41.72,16.42,2.592,-7.97,2026-04-02,2026-04-06 15:28:51 UTC
^DJI,^DJI,Dow Jones Industrial Average,INDICES,INDEX,NA,NA,NA,DJI,USD,21.45,15.42,1.413,-10.01,2026-04-02,2026-04-06 15:28:51 UTC
^FCHI,^FCHI,CAC 40,INDICES,INDEX,NA,NA,NA,PAR,EUR,14.94,14.23,1.05,-11.08,2026-04-02,2026-04-06 15:28:51 UTC
^FTSE,^FTSE,FTSE 100,INDICES,INDEX,NA,NA,NA,FGI,GBP,31.02,11.19,2.795,-9.32,2026-04-02,2026-04-06 15:28:51 UTC
^GDAXI,^GDAXI,DAX                           P,INDICES,INDEX,NA,NA,NA,GER,EUR,17.07,16.23,1.06,-12.27,2026-04-02,2026-04-06 15:28:51 UTC
^GSPC,^GSPC,S&P 500,INDICES,INDEX,NA,NA,NA,SNP,USD,27.62,16.69,1.681,-9.1,2026-04-02,2026-04-06 15:28:51 UTC
^HSI,^HSI,HANG SENG INDEX,INDICES,INDEX,NA,NA,NA,HKG,HKD,25.36,18.84,1.39,-12.82,2026-04-02,2026-04-06 15:28:51 UTC
^IBEX,^IBEX,IBEX 35,INDICES,INDEX,NA,NA,NA,MCE,EUR,41.12,15.79,2.604,-9.64,2026-04-02,2026-04-06 15:28:51 UTC
^IRX,^IRX,13 WEEK TREASURY BILL,INDICES,INDEX,NA,NA,NA,CGI,USD,-13.78,6.94,-2.019,-18.16,2026-04-02,2026-04-06 15:28:51 UTC
^IXIC,^IXIC,NASDAQ Composite,INDICES,INDEX,NA,NA,NA,NIM,USD,36.12,21.87,1.678,-13.21,2026-04-02,2026-04-06 15:28:51 UTC
^KS11,^KS11,KOSPI Composite Index,INDICES,INDEX,NA,NA,NA,KSC,KRW,89.42,34.06,2.745,-19.89,2026-04-03,2026-04-06 15:28:51 UTC
^MXX,^MXX,S&P/BMV IPC,INDICES,INDEX,NA,NA,NA,MEX,MXN,33.74,17.01,2.024,-10.43,2026-04-01,2026-04-06 15:28:51 UTC
^N225,^N225,Nikkei 225,INDICES,INDEX,NA,NA,NA,OSA,JPY,56.59,25.62,2.3,-13.23,2026-04-03,2026-04-06 15:28:51 UTC
^NSEI,^NSEI,NIFTY 50,INDICES,INDEX,NA,NA,NA,NSI,INR,3.28,13.09,0.26,-15.18,2026-04-02,2026-04-06 15:28:51 UTC
^RUT,^RUT,Russell 2000,INDICES,INDEX,NA,NA,NA,WCB,USD,35.85,21.97,1.658,-11.21,2026-04-02,2026-04-06 15:28:51 UTC
^STI,^STI,STI Index,INDICES,INDEX,NA,NA,NA,SES,SGD,34.18,11.91,2.892,-5.65,2026-04-02,2026-04-06 15:28:51 UTC
^STOXX50E,^STOXX50E,EURO STOXX 50                 I,INDICES,INDEX,NA,NA,NA,ZRH,EUR,21.28,15.53,1.403,-10.89,2026-04-02,2026-04-06 15:28:51 UTC
^TA125.TA,^TA125.TA,TA-125,INDICES,INDEX,NA,NA,NA,TLV,ILS,54.97,18.66,3.621,-9,2026-04-03,2026-04-06 15:28:51 UTC
^TNX,^TNX,CBOE Interest Rate 10 Year T No,INDICES,INDEX,NA,NA,NA,CGI,USD,5.13,16.92,0.308,-13.99,2026-04-02,2026-04-06 15:28:51 UTC
^TWII,^TWII,TSEC CAPITALIZATION WEIGHTED ST,INDICES,INDEX,NA,NA,NA,TAI,TWD,55.52,24.15,2.393,-10.42,2026-04-02,2026-04-06 15:28:51 UTC
^TYX,^TYX,Treasury Yield 30 Years,INDICES,INDEX,NA,NA,NA,CGI,USD,7.18,13.69,0.533,-10.83,2026-04-02,2026-04-06 15:28:51 UTC
^VIX,^VIX,CBOE Volatility Index,INDICES,INDEX,NA,NA,NA,CXI,USD,13.83,128.82,0.109,-74.26,2026-04-02,2026-04-06 15:28:51 UTC
